log_var,lab_var,num_wells,wells_found_in,r_values,avg_r,avg_abs_r,std_r,consistent_direction,HRDH_1119_r,HRDH_1867_r,HRDH_1804_r,HRDH_697_r
Log_LSN,Lab_XRD_Quartz,4,"['HRDH_1119', 'HRDH_1804', 'HRDH_1867', 'HRDH_697']","{'HRDH_1119': -0.39022815355298185, 'HRDH_1804': 0.5134330752201117, 'HRDH_1867': 0.7569765396199918, 'HRDH_697': 0.7573511224643611}",0.40938314593787073,0.6044972227143617,0.47225721224680184,False,-0.39022815355298185,0.7569765396199918,0.5134330752201117,0.7573511224643611
Log_SSN,Lab_XRD_Quartz,4,"['HRDH_1119', 'HRDH_1804', 'HRDH_1867', 'HRDH_697']","{'HRDH_1119': -0.4134052127796568, 'HRDH_1804': 0.5091945718962356, 'HRDH_1867': 0.7991940864393535, 'HRDH_697': 0.6935249822886702}",0.3971271069611506,0.6038297133509791,0.4793306047309061,False,-0.4134052127796568,0.7991940864393535,0.5091945718962356,0.6935249822886702
Log_CNC,Lab_XRD_Quartz,4,"['HRDH_1119', 'HRDH_1804', 'HRDH_1867', 'HRDH_697']","{'HRDH_1119': 0.2451926035420242, 'HRDH_1804': -0.5127276920499557, 'HRDH_1867': -0.8718463731426624, 'HRDH_697': -0.7069086049213237}",-0.4615725166429794,0.5841688184139915,0.42738981639127854,False,0.2451926035420242,-0.8718463731426624,-0.5127276920499557,-0.7069086049213237
Log_CN,Lab_XRD_Quartz,4,"['HRDH_1119', 'HRDH_1804', 'HRDH_1867', 'HRDH_697']","{'HRDH_1119': 0.23813791520749394, 'HRDH_1804': -0.5271219125020683, 'HRDH_1867': -0.8589087248712324, 'HRDH_697': -0.706911148488129}",-0.46370096766348395,0.5827699252672309,0.4218828027923561,False,0.23813791520749394,-0.8589087248712324,-0.5271219125020683,-0.706911148488129
Log_SSD,Lab_XRD_Quartz,4,"['HRDH_1119', 'HRDH_1804', 'HRDH_1867', 'HRDH_697']","{'HRDH_1119': 0.5663848588300259, 'HRDH_1804': -0.4238842101750068, 'HRDH_1867': 0.6477630275982931, 'HRDH_697': -0.49616231349931866}",0.07352534068849838,0.533548602525661,0.5349345077470844,False,0.5663848588300259,0.6477630275982931,-0.4238842101750068,-0.49616231349931866
Log_HRD1,Lab_XRD_Quartz,4,"['HRDH_1119', 'HRDH_1804', 'HRDH_1867', 'HRDH_697']","{'HRDH_1119': 0.5169766303481704, 'HRDH_1804': -0.44126897484748223, 'HRDH_1867': 0.6195562722044945, 'HRDH_697': -0.4565466396599123}",0.05967932201131758,0.5085871292650149,0.5099072139122132,False,0.5169766303481704,0.6195562722044945,-0.44126897484748223,-0.4565466396599123
Log_ZDNC,Lab_XRD_Quartz,4,"['HRDH_1119', 'HRDH_1804', 'HRDH_1867', 'HRDH_697']","{'HRDH_1119': -0.4771332264096228, 'HRDH_1804': 0.45957029851957515, 'HRDH_1867': -0.8617093283796418, 'HRDH_697': 0.23057826798838518}",-0.16217349707032605,0.5072477803243062,0.5313589433477074,False,-0.4771332264096228,-0.8617093283796418,0.45957029851957515,0.23057826798838518
Log_ZDEN,Lab_XRD_Quartz,4,"['HRDH_1119', 'HRDH_1804', 'HRDH_1867', 'HRDH_697']","{'HRDH_1119': -0.47699104892417304, 'HRDH_1804': 0.45857802167163464, 'HRDH_1867': -0.8616659530168979, 'HRDH_697': 0.2305905969250372}",-0.16237209583609974,0.5069564051344357,0.5310357122331761,False,-0.47699104892417304,-0.8616659530168979,0.45857802167163464,0.2305905969250372
Log_SFT2,Lab_XRD_Quartz,4,"['HRDH_1119', 'HRDH_1804', 'HRDH_1867', 'HRDH_697']","{'HRDH_1119': 0.6080854311368148, 'HRDH_1804': -0.43953595286157177, 'HRDH_1867': 0.5752016944775449, 'HRDH_697': -0.37253153269819694}",0.09280491001364774,0.4988386527935321,0.4995361529240194,False,0.6080854311368148,0.5752016944775449,-0.43953595286157177,-0.37253153269819694
Log_GR,Lab_XRD_Quartz,4,"['HRDH_1119', 'HRDH_1804', 'HRDH_1867', 'HRDH_697']","{'HRDH_1119': 0.3939021099325123, 'HRDH_1804': -0.15735665353654366, 'HRDH_1867': -0.8227708464459174, 'HRDH_697': -0.5529078889771666}",-0.28478331975677884,0.481734374723035,0.45775889702693273,False,0.3939021099325123,-0.8227708464459174,-0.15735665353654366,-0.5529078889771666
Log_HRD2,Lab_XRD_Quartz,4,"['HRDH_1119', 'HRDH_1804', 'HRDH_1867', 'HRDH_697']","{'HRDH_1119': 0.505032355971865, 'HRDH_1804': -0.4329045211187419, 'HRDH_1867': 0.6113369918136744, 'HRDH_697': -0.3266980276134295}",0.08919169976334201,0.4689929741294277,0.47199255464549994,False,0.505032355971865,0.6113369918136744,-0.4329045211187419,-0.3266980276134295
Log_ZCOR,Lab_XRD_Quartz,4,"['HRDH_1119', 'HRDH_1804', 'HRDH_1867', 'HRDH_697']","{'HRDH_1119': 0.49298659675479733, 'HRDH_1804': -0.39550459672043153, 'HRDH_1867': 0.16595934927845962, 'HRDH_697': -0.2220968078512281}",0.010336135365399332,0.31913683765122913,0.3449281901716414,False,0.49298659675479733,0.16595934927845962,-0.39550459672043153,-0.2220968078512281
Log_SSN,Lab_XRD_Illite/Mica,3,"['HRDH_1804', 'HRDH_1867', 'HRDH_697']","{'HRDH_1804': -0.3891558409916526, 'HRDH_1867': -0.4528286010473689, 'HRDH_697': -0.7583963513259058}",-0.5334602644549757,0.5334602644549757,0.16116396924847096,True,,-0.4528286010473689,-0.3891558409916526,-0.7583963513259058
Log_LSN,Lab_XRD_Illite/Mica,3,"['HRDH_1804', 'HRDH_1867', 'HRDH_697']","{'HRDH_1804': -0.4015567203969095, 'HRDH_1867': -0.4091653682305815, 'HRDH_697': -0.7712339540139365}",-0.5273186808804758,0.5273186808804758,0.17250211251130085,True,,-0.4091653682305815,-0.4015567203969095,-0.7712339540139365
Log_CNC,Lab_XRD_Illite/Mica,3,"['HRDH_1804', 'HRDH_1867', 'HRDH_697']","{'HRDH_1804': 0.40220050833271587, 'HRDH_1867': 0.37395171216046824, 'HRDH_697': 0.6813565842282787}",0.4858362682404876,0.4858362682404876,0.13873390379732842,True,,0.37395171216046824,0.40220050833271587,0.6813565842282787
Log_CN,Lab_XRD_Illite/Mica,3,"['HRDH_1804', 'HRDH_1867', 'HRDH_697']","{'HRDH_1804': 0.41103896828242314, 'HRDH_1867': 0.3337576509935434, 'HRDH_697': 0.6813582693272299}",0.4753849628677321,0.4753849628677321,0.14902315867199917,True,,0.3337576509935434,0.41103896828242314,0.6813582693272299
Log_GR,Lab_XRD_Illite/Mica,3,"['HRDH_1804', 'HRDH_1867', 'HRDH_697']","{'HRDH_1804': 0.13605485782235774, 'HRDH_1867': 0.5361659860521187, 'HRDH_697': 0.6009179799365522}",0.4243796079370095,0.4243796079370095,0.20558303484563073,True,,0.5361659860521187,0.13605485782235774,0.6009179799365522
Log_PE,Lab_XRD_Quartz,3,"['HRDH_1119', 'HRDH_1804', 'HRDH_697']","{'HRDH_1119': 0.4426068897765023, 'HRDH_1804': -0.5223803972391443, 'HRDH_697': 0.250050092107135}",0.05675886154816434,0.4050124597075939,0.4169902004313813,False,0.4426068897765023,,-0.5223803972391443,0.250050092107135
Log_ZDNC,Lab_XRD_Illite/Mica,3,"['HRDH_1804', 'HRDH_1867', 'HRDH_697']","{'HRDH_1804': -0.29328424829795186, 'HRDH_1867': 0.5710188052343919, 'HRDH_697': -0.2558768899863826}",0.007285888983352473,0.3733933145062421,0.39891179330994847,False,,0.5710188052343919,-0.29328424829795186,-0.2558768899863826
Log_ZDEN,Lab_XRD_Illite/Mica,3,"['HRDH_1804', 'HRDH_1867', 'HRDH_697']","{'HRDH_1804': -0.2923243688270216, 'HRDH_1867': 0.5710244614375526, 'HRDH_697': -0.2558914775412184}",0.007602871689770863,0.37308010260193086,0.39867677362101994,False,,0.5710244614375526,-0.2923243688270216,-0.2558914775412184
Log_SHR,Lab_XRD_Quartz,3,"['HRDH_1119', 'HRDH_1804', 'HRDH_697']","{'HRDH_1119': -0.37009099091371467, 'HRDH_1804': 0.4689672133343538, 'HRDH_697': -0.27015311504929823}",-0.05709229754288636,0.36973710643245555,0.37421103804882944,False,-0.37009099091371467,,0.4689672133343538,-0.27015311504929823
Log_HRD1,Lab_XRD_Illite/Mica,3,"['HRDH_1804', 'HRDH_1867', 'HRDH_697']","{'HRDH_1804': 0.3244276552774722, 'HRDH_1867': -0.25898754229068754, 'HRDH_697': 0.4173858512216827}",0.16094198806948912,0.33360034959661417,0.2993503125099304,False,,-0.25898754229068754,0.3244276552774722,0.4173858512216827
Log_HRD2,Lab_XRD_Illite/Mica,3,"['HRDH_1804', 'HRDH_1867', 'HRDH_697']","{'HRDH_1804': 0.3185218305142181, 'HRDH_1867': -0.3270065413474169, 'HRDH_697': 0.3540765267695914}",0.11519727197879753,0.3332016328770755,0.3130220370268278,False,,-0.3270065413474169,0.3185218305142181,0.3540765267695914
Log_SSD,Lab_XRD_Illite/Mica,3,"['HRDH_1804', 'HRDH_1867', 'HRDH_697']","{'HRDH_1804': 0.3093789169891038, 'HRDH_1867': -0.1859771898203492, 'HRDH_697': 0.4501107615482002}",0.19117082957231826,0.3151556227858844,0.27280253471098875,False,,-0.1859771898203492,0.3093789169891038,0.4501107615482002
Log_ZCOR,Lab_XRD_Illite/Mica,3,"['HRDH_1804', 'HRDH_1867', 'HRDH_697']","{'HRDH_1804': 0.30707717321725486, 'HRDH_1867': 0.3400625289884981, 'HRDH_697': 0.17920365695630247}",0.27544778638735185,0.27544778638735185,0.0693743841356174,True,,0.3400625289884981,0.30707717321725486,0.17920365695630247
Log_SFT2,Lab_XRD_Illite/Mica,3,"['HRDH_1804', 'HRDH_1867', 'HRDH_697']","{'HRDH_1804': 0.32108518887837967, 'HRDH_1867': -0.17591745188626615, 'HRDH_697': 0.3162696416825727}",0.15381245955822875,0.2710907608157395,0.23316254451861776,False,,-0.17591745188626615,0.32108518887837967,0.3162696416825727
Log_SHR,Lab_XRD_Illite/Mica,3,"['HRDH_1804', 'HRDH_1867', 'HRDH_697']","{'HRDH_1804': -0.35052163147300913, 'HRDH_1867': 0.2372767243272839, 'HRDH_697': 0.2150369353508587}",0.03393067606837782,0.2676117637170506,0.2720004100901956,False,,0.2372767243272839,-0.35052163147300913,0.2150369353508587
Log_PE,Lab_XRD_Illite/Mica,3,"['HRDH_1804', 'HRDH_1867', 'HRDH_697']","{'HRDH_1804': 0.38069942085645553, 'HRDH_1867': -0.20755248698708678, 'HRDH_697': -0.19516702453309887}",-0.007340030221243373,0.2611396441255471,0.2744319121561985,False,,-0.20755248698708678,0.38069942085645553,-0.19516702453309887
Log_WTBH,Lab_XRD_Quartz,3,"['HRDH_1119', 'HRDH_1804', 'HRDH_1867']","{'HRDH_1119': 0.17934698412398414, 'HRDH_1804': 0.32526583311756535, 'HRDH_1867': -0.12178834671916479}",0.1276081568407949,0.20880038798690478,0.18613980339850766,False,0.17934698412398414,-0.12178834671916479,0.32526583311756535,
Log_CN,Lab_XRD_Dickite,2,"['HRDH_1804', 'HRDH_1867']","{'HRDH_1804': 0.5595755310776417, 'HRDH_1867': 0.8928147820183857}",0.7261951565480137,0.7261951565480137,0.166619625470372,True,,0.8928147820183857,0.5595755310776417,
Log_CNC,Lab_XRD_Dickite,2,"['HRDH_1804', 'HRDH_1867']","{'HRDH_1804': 0.5555597458166589, 'HRDH_1867': 0.8821968555854093}",0.7188783007010341,0.7188783007010341,0.1633185548843752,True,,0.8821968555854093,0.5555597458166589,
Log_SHR,Lab_XRF_Sr,2,"['HRDH_1119', 'HRDH_697']","{'HRDH_1119': 0.5516965630366356, 'HRDH_697': 0.829647595382766}",0.6906720792097008,0.6906720792097008,0.1389755161730652,True,0.5516965630366356,,,0.829647595382766
Log_PE,Lab_XRF_Sr,2,"['HRDH_1119', 'HRDH_697']","{'HRDH_1119': -0.5602074125554198, 'HRDH_697': -0.8180887219782134}",-0.6891480672668167,0.6891480672668167,0.12894065471139676,True,-0.5602074125554198,,,-0.8180887219782134
Log_SLGN,Lab_XRF_Na,2,"['HRDH_1119', 'HRDH_697']","{'HRDH_1119': 0.7709030146054829, 'HRDH_697': -0.5808929005646031}",0.09500505702043993,0.675897957585043,0.675897957585043,False,0.7709030146054829,,,-0.5808929005646031
Log_LSN,Lab_XRF_Cl,2,"['HRDH_1119', 'HRDH_697']","{'HRDH_1119': -0.5550950647577072, 'HRDH_697': -0.7717210356242598}",-0.6634080501909835,0.6634080501909835,0.10831298543327628,True,-0.5550950647577072,,,-0.7717210356242598
Log_SHR,Lab_XRF_Fe,2,"['HRDH_1119', 'HRDH_697']","{'HRDH_1119': -0.4945601387218971, 'HRDH_697': 0.8312745748539674}",0.16835721806603515,0.6629173567879323,0.6629173567879323,False,-0.4945601387218971,,,0.8312745748539674
Log_PE,Lab_XRF_Fe,2,"['HRDH_1119', 'HRDH_697']","{'HRDH_1119': 0.5072450071348475, 'HRDH_697': -0.7970616305834632}",-0.14490831172430785,0.6521533188591554,0.6521533188591554,False,0.5072450071348475,,,-0.7970616305834632
Log_SLGN,Lab_XRF_Fe,2,"['HRDH_1119', 'HRDH_697']","{'HRDH_1119': 0.6623217600908808, 'HRDH_697': -0.6136233972496148}",0.024349181420633026,0.6379725786702478,0.6379725786702478,False,0.6623217600908808,,,-0.6136233972496148
Log_SSN,Lab_XRD_Dickite,2,"['HRDH_1804', 'HRDH_1867']","{'HRDH_1804': -0.5481777476442977, 'HRDH_1867': -0.7223914890806046}",-0.6352846183624512,0.6352846183624512,0.08710687071815343,True,,-0.7223914890806046,-0.5481777476442977,
Log_CNC,Lab_XRF_Cl,2,"['HRDH_1119', 'HRDH_697']","{'HRDH_1119': 0.47981749087662795, 'HRDH_697': 0.7899651883013871}",0.6348913395890075,0.6348913395890075,0.15507384871237956,True,0.47981749087662795,,,0.7899651883013871
Log_CN,Lab_XRF_Cl,2,"['HRDH_1119', 'HRDH_697']","{'HRDH_1119': 0.4716036946667791, 'HRDH_697': 0.7899555594974765}",0.6307796270821278,0.6307796270821278,0.15917593241534872,True,0.4716036946667791,,,0.7899555594974765
Log_GR,Lab_XRF_Na,2,"['HRDH_1119', 'HRDH_697']","{'HRDH_1119': 0.4879238812488824, 'HRDH_697': 0.7694250551801534}",0.6286744682145179,0.6286744682145179,0.14075058696563547,True,0.4879238812488824,,,0.7694250551801534
Log_SFT2,Lab_XRF_Si,2,"['HRDH_1119', 'HRDH_697']","{'HRDH_1119': 0.6340933512171651, 'HRDH_697': -0.6134466788886029}",0.010323336164281105,0.623770015052884,0.623770015052884,False,0.6340933512171651,,,-0.6134466788886029
Log_ZCOR,Lab_XRF_Fe,2,"['HRDH_1119', 'HRDH_697']","{'HRDH_1119': 0.5210092727508503, 'HRDH_697': 0.7235275640546261}",0.6222684184027383,0.6222684184027383,0.10125914565188791,True,0.5210092727508503,,,0.7235275640546261
Log_SSD,Lab_XRF_Si,2,"['HRDH_1119', 'HRDH_697']","{'HRDH_1119': 0.5370078523902075, 'HRDH_697': -0.7052148347097468}",-0.08410349115976962,0.6211113435499771,0.6211113435499771,False,0.5370078523902075,,,-0.7052148347097468
Log_SSD,Lab_XRF_Fe,2,"['HRDH_1119', 'HRDH_697']","{'HRDH_1119': 0.5826521905191554, 'HRDH_697': 0.6588404817504486}",0.620746336134802,0.620746336134802,0.03809414561564661,True,0.5826521905191554,,,0.6588404817504486
Log_SSD,Lab_XRF_K,2,"['HRDH_1119', 'HRDH_697']","{'HRDH_1119': 0.4771300306591319, 'HRDH_697': 0.7553496470819825}",0.6162398388705572,0.6162398388705572,0.1391098082114253,True,0.4771300306591319,,,0.7553496470819825
Log_LSN,Lab_XRD_Dickite,2,"['HRDH_1804', 'HRDH_1867']","{'HRDH_1804': -0.5216931737990013, 'HRDH_1867': -0.7000114600443247}",-0.610852316921663,0.610852316921663,0.08915914312266171,True,,-0.7000114600443247,-0.5216931737990013,
Log_KTH,Lab_XRF_Na,2,"['HRDH_1119', 'HRDH_697']","{'HRDH_1119': 0.5513387811995442, 'HRDH_697': 0.6646795904310444}",0.6080091858152943,0.6080091858152943,0.056670404615750125,True,0.5513387811995442,,,0.6646795904310444
Log_PE,Lab_XRF_Si,2,"['HRDH_1119', 'HRDH_697']","{'HRDH_1119': 0.42912978895357445, 'HRDH_697': 0.7834378787755274}",0.6062838338645509,0.6062838338645509,0.17715404491097647,True,0.42912978895357445,,,0.7834378787755274
Log_SLGN,Lab_XRF_Si,2,"['HRDH_1119', 'HRDH_697']","{'HRDH_1119': 0.6293997314318829, 'HRDH_697': 0.5818953557833366}",0.6056475436076098,0.6056475436076098,0.02375218782427313,True,0.6293997314318829,,,0.5818953557833366
Log_K,Lab_XRF_Na,2,"['HRDH_1119', 'HRDH_697']","{'HRDH_1119': 0.42977180379829283, 'HRDH_697': 0.7679059299315695}",0.5988388668649312,0.5988388668649312,0.16906706306663832,True,0.42977180379829283,,,0.7679059299315695
Log_SSD,Lab_XRF_Al,2,"['HRDH_1119', 'HRDH_697']","{'HRDH_1119': 0.5337645374466212, 'HRDH_697': 0.6614278107365714}",0.5975961740915963,0.5975961740915963,0.0638316366449751,True,0.5337645374466212,,,0.6614278107365714
Log_SSN,Lab_XRD_K-Feldspar,2,"['HRDH_1867', 'HRDH_697']","{'HRDH_1867': -0.6485907040308456, 'HRDH_697': 0.5397056675975175}",-0.05444251821666407,0.5941481858141815,0.5941481858141815,False,,-0.6485907040308456,,0.5397056675975175
Log_CAL,Lab_XRD_Illite/Mica,2,"['HRDH_1804', 'HRDH_1867']","{'HRDH_1804': 0.3779195936814943, 'HRDH_1867': -0.7994409886864713}",-0.2107606975024885,0.5886802911839828,0.5886802911839828,False,,-0.7994409886864713,0.3779195936814943,
Log_SSN,Lab_XRF_Cl,2,"['HRDH_1119', 'HRDH_697']","{'HRDH_1119': -0.46566518677775337, 'HRDH_697': -0.7072453879065906}",-0.586455287342172,0.586455287342172,0.12079010056441863,True,-0.46566518677775337,,,-0.7072453879065906
Log_CALX,Lab_XRD_Illite/Mica,2,"['HRDH_1804', 'HRDH_1867']","{'HRDH_1804': 0.37254635717904594, 'HRDH_1867': -0.7994409886864713}",-0.21344731575371267,0.5859936729327586,0.5859936729327586,False,,-0.7994409886864713,0.37254635717904594,
Log_SLGN,Lab_XRD_Quartz,2,"['HRDH_1119', 'HRDH_697']","{'HRDH_1119': 0.5749490954357395, 'HRDH_697': 0.5960694137467762}",0.5855092545912579,0.5855092545912579,0.01056015915551839,True,0.5749490954357395,,,0.5960694137467762
Log_SHR,Lab_XRF_Si,2,"['HRDH_1119', 'HRDH_697']","{'HRDH_1119': -0.3765004614240978, 'HRDH_697': -0.7921422355145247}",-0.5843213484693113,0.5843213484693113,0.20782088704521343,True,-0.3765004614240978,,,-0.7921422355145247
Log_SFT2,Lab_XRF_K,2,"['HRDH_1119', 'HRDH_697']","{'HRDH_1119': 0.5597419059862517, 'HRDH_697': 0.6082450748148788}",0.5839934904005653,0.5839934904005653,0.02425158441431352,True,0.5597419059862517,,,0.6082450748148788
Log_SFT2,Lab_XRF_Al,2,"['HRDH_1119', 'HRDH_697']","{'HRDH_1119': 0.6052142696398239, 'HRDH_697': 0.5593690653571418}",0.5822916674984828,0.5822916674984828,0.022922602141341064,True,0.6052142696398239,,,0.5593690653571418
Log_SLGN,Lab_XRF_Al,2,"['HRDH_1119', 'HRDH_697']","{'HRDH_1119': 0.6290273265690299, 'HRDH_697': -0.5296941830213311}",0.04966657177384942,0.5793607547951805,0.5793607547951805,False,0.6290273265690299,,,-0.5296941830213311
Log_SSD,Lab_XRD_Dickite,2,"['HRDH_1804', 'HRDH_1867']","{'HRDH_1804': 0.4745692139471996, 'HRDH_1867': -0.6811652600546738}",-0.10329802305373711,0.5778672370009367,0.5778672370009367,False,,-0.6811652600546738,0.4745692139471996,
Log_SLTM,Lab_XRF_Na,2,"['HRDH_1119', 'HRDH_697']","{'HRDH_1119': 0.49704439866746214, 'HRDH_697': 0.6564296360130843}",0.5767370173402733,0.5767370173402733,0.0796926186728111,True,0.49704439866746214,,,0.6564296360130843
Log_SLGN,Lab_XRF_Sr,2,"['HRDH_1119', 'HRDH_697']","{'HRDH_1119': -0.675954167605568, 'HRDH_697': -0.4750096619072153}",-0.5754819147563917,0.5754819147563917,0.10047225284917638,True,-0.675954167605568,,,-0.4750096619072153
Log_HRD1,Lab_XRF_Al,2,"['HRDH_1119', 'HRDH_697']","{'HRDH_1119': 0.5143110625805154, 'HRDH_697': 0.6337528174475778}",0.5740319400140466,0.5740319400140466,0.059720877433531216,True,0.5143110625805154,,,0.6337528174475778
Log_GR,Lab_XRD_Chlorite,2,"['HRDH_1867', 'HRDH_697']","{'HRDH_1867': 0.7316138206518183, 'HRDH_697': -0.41005096084131243}",0.16078142990525296,0.5708323907465653,0.5708323907465653,False,,0.7316138206518183,,-0.41005096084131243
Log_HRD1,Lab_XRF_K,2,"['HRDH_1119', 'HRDH_697']","{'HRDH_1119': 0.45954993464034743, 'HRDH_697': 0.6770293431501995}",0.5682896388952734,0.5682896388952734,0.10873970425492602,True,0.45954993464034743,,,0.6770293431501995
Log_SFT2,Lab_XRF_Fe,2,"['HRDH_1119', 'HRDH_697']","{'HRDH_1119': 0.579502412996502, 'HRDH_697': 0.5565113203878188}",0.5680068666921604,0.5680068666921604,0.011495546304341575,True,0.579502412996502,,,0.5565113203878188
Log_GRSL,Lab_XRF_S,2,"['HRDH_1119', 'HRDH_697']","{'HRDH_1119': -0.74340171032811, 'HRDH_697': -0.38700860479612725}",-0.5652051575621186,0.5652051575621186,0.17819655276599136,True,-0.74340171032811,,,-0.38700860479612725
Log_K,Lab_XRF_Cl,2,"['HRDH_1119', 'HRDH_697']","{'HRDH_1119': 0.4213587696235981, 'HRDH_697': 0.7060539735084259}",0.563706371566012,0.563706371566012,0.14234760194241391,True,0.4213587696235981,,,0.7060539735084259
Log_HRD2,Lab_XRF_S,2,"['HRDH_1119', 'HRDH_697']","{'HRDH_1119': -0.8396113540983451, 'HRDH_697': -0.28313452426548014}",-0.5613729391819127,0.5613729391819127,0.2782384149164325,True,-0.8396113540983451,,,-0.28313452426548014
Log_SSD,Lab_XRF_Sr,2,"['HRDH_1119', 'HRDH_697']","{'HRDH_1119': -0.5610328511613193, 'HRDH_697': 0.559947411472023}",-0.000542719844648154,0.5604901313166711,0.5604901313166711,False,-0.5610328511613193,,,0.559947411472023
Log_SSN,Lab_XRD_Chlorite,2,"['HRDH_1867', 'HRDH_697']","{'HRDH_1867': -0.567227368419261, 'HRDH_697': 0.5397056675975175}",-0.013760850410871772,0.5534665180083893,0.5534665180083893,False,,-0.567227368419261,,0.5397056675975175
Log_SLGN,Lab_XRF_Cl,2,"['HRDH_1119', 'HRDH_697']","{'HRDH_1119': 0.3194513927699268, 'HRDH_697': -0.7871563620939801}",-0.23385248466202666,0.5533038774319534,0.5533038774319534,False,0.3194513927699268,,,-0.7871563620939801
Log_HRD1,Lab_XRF_Si,2,"['HRDH_1119', 'HRDH_697']","{'HRDH_1119': 0.526589600309644, 'HRDH_697': -0.5752304459585016}",-0.02432042282442881,0.5509100231340728,0.5509100231340728,False,0.526589600309644,,,-0.5752304459585016
Log_GR,Lab_XRF_S,2,"['HRDH_1119', 'HRDH_697']","{'HRDH_1119': -0.7441841764091105, 'HRDH_697': -0.3547389783630577}",-0.549461577386084,0.549461577386084,0.1947225990230264,True,-0.7441841764091105,,,-0.3547389783630577
Log_K,Lab_XRD_Quartz,2,"['HRDH_1119', 'HRDH_697']","{'HRDH_1119': 0.47907661649920064, 'HRDH_697': -0.6167328043666634}",-0.0688280939337314,0.547904710432932,0.547904710432932,False,0.47907661649920064,,,-0.6167328043666634
Log_ZDNC,Lab_XRF_S,2,"['HRDH_1119', 'HRDH_697']","{'HRDH_1119': 0.8471681334073924, 'HRDH_697': 0.2462319924253004}",0.5467000629163464,0.5467000629163464,0.300468070491046,True,0.8471681334073924,,,0.2462319924253004
Log_ZDEN,Lab_XRF_S,2,"['HRDH_1119', 'HRDH_697']","{'HRDH_1119': 0.8470833801088151, 'HRDH_697': 0.2462349830427426}",0.5466591815757789,0.5466591815757789,0.30042419853303626,True,0.8470833801088151,,,0.2462349830427426
Log_CN,Lab_XRD_Anatase,2,"['HRDH_1804', 'HRDH_1867']","{'HRDH_1804': 0.171997242490853, 'HRDH_1867': 0.918151626404547}",0.5450744344477,0.5450744344477,0.37307719195684697,True,,0.918151626404547,0.171997242490853,
Log_RUKC,Lab_XRD_Quartz,2,"['HRDH_1804', 'HRDH_1867']","{'HRDH_1804': 0.4315879157701076, 'HRDH_1867': 0.6559345628354332}",0.5437612393027704,0.5437612393027704,0.1121733235326628,True,,0.6559345628354332,0.4315879157701076,
Log_SHR,Lab_XRF_S,2,"['HRDH_1119', 'HRDH_697']","{'HRDH_1119': 0.860951116085659, 'HRDH_697': 0.2256719442867019}",0.5433115301861804,0.5433115301861804,0.31763958589947855,True,0.860951116085659,,,0.2256719442867019
Log_RTHU,Lab_XRF_Sr,2,"['HRDH_1119', 'HRDH_697']","{'HRDH_1119': 0.3235896890481484, 'HRDH_697': -0.7625389685411443}",-0.21947463974649797,0.5430643287946464,0.5430643287946464,False,0.3235896890481484,,,-0.7625389685411443
Log_SFT2,Lab_XRF_Sr,2,"['HRDH_1119', 'HRDH_697']","{'HRDH_1119': -0.5423447406737449, 'HRDH_697': 0.5429860701746091}",0.0003206647504320759,0.5426654054241771,0.5426654054241771,False,-0.5423447406737449,,,0.5429860701746091
Log_SHR,Lab_XRF_Ca,2,"['HRDH_1119', 'HRDH_697']","{'HRDH_1119': -0.6548879137046462, 'HRDH_697': 0.4301264151524887}",-0.11238074927607875,0.5425071644285674,0.5425071644285674,False,-0.6548879137046462,,,0.4301264151524887
Log_SSN,Lab_XRF_Al,2,"['HRDH_1119', 'HRDH_697']","{'HRDH_1119': -0.3533518939285309, 'HRDH_697': -0.7299664793867657}",-0.5416591866576483,0.5416591866576483,0.1883072927291174,True,-0.3533518939285309,,,-0.7299664793867657
Log_GR,Lab_XRD_Dickite,2,"['HRDH_1804', 'HRDH_1867']","{'HRDH_1804': 0.40461008826321665, 'HRDH_1867': 0.6757068708425924}",0.5401584795529045,0.5401584795529045,0.13554839128968788,True,,0.6757068708425924,0.40461008826321665,
Log_PE,Lab_XRF_Ca,2,"['HRDH_1119', 'HRDH_697']","{'HRDH_1119': 0.6288477019149342, 'HRDH_697': -0.4501428549041774}",0.08935242350537842,0.5394952784095558,0.5394952784095558,False,0.6288477019149342,,,-0.4501428549041774
Log_PE,Lab_XRF_K,2,"['HRDH_1119', 'HRDH_697']","{'HRDH_1119': 0.3914234937909021, 'HRDH_697': -0.6836089427035992}",-0.14609272445634855,0.5375162182472506,0.5375162182472506,False,0.3914234937909021,,,-0.6836089427035992
Log_LSN,Lab_XRF_Al,2,"['HRDH_1119', 'HRDH_697']","{'HRDH_1119': -0.37073940987902154, 'HRDH_697': -0.6995983919471678}",-0.5351689009130947,0.5351689009130947,0.16442949103407312,True,-0.37073940987902154,,,-0.6995983919471678
Log_CNC,Lab_XRD_Anatase,2,"['HRDH_1804', 'HRDH_1867']","{'HRDH_1804': 0.15970216795913159, 'HRDH_1867': 0.9098230979033612}",0.5347626329312464,0.5347626329312464,0.3750604649721148,True,,0.9098230979033612,0.15970216795913159,
Log_ZCOR,Lab_XRF_Sr,2,"['HRDH_1119', 'HRDH_697']","{'HRDH_1119': -0.3570947517810536, 'HRDH_697': 0.7110420169099875}",0.17697363256446694,0.5340683843455205,0.5340683843455205,False,-0.3570947517810536,,,0.7110420169099875
Log_HRD2,Lab_XRD_Chlorite,2,"['HRDH_1867', 'HRDH_697']","{'HRDH_1867': -0.8288067054118399, 'HRDH_697': -0.23689159520404926}",-0.5328491503079446,0.5328491503079446,0.2959575551038953,True,,-0.8288067054118399,,-0.23689159520404926
Log_LSN,Lab_XRF_Si,2,"['HRDH_1119', 'HRDH_697']","{'HRDH_1119': -0.3803362112809243, 'HRDH_697': 0.6846620197607014}",0.15216290423988854,0.5324991155208129,0.5324991155208129,False,-0.3803362112809243,,,0.6846620197607014
Log_SFT2,Lab_XRD_Dickite,2,"['HRDH_1804', 'HRDH_1867']","{'HRDH_1804': 0.47826218486011185, 'HRDH_1867': -0.5844463103603086}",-0.05309206275009837,0.5313542476102102,0.5313542476102102,False,,-0.5844463103603086,0.47826218486011185,
Log_ZDNC,Lab_XRF_Sr,2,"['HRDH_1119', 'HRDH_697']","{'HRDH_1119': 0.5965192631574885, 'HRDH_697': 0.4654095922776373}",0.5309644277175629,0.5309644277175629,0.0655548354399256,True,0.5965192631574885,,,0.4654095922776373
Log_ZDEN,Lab_XRF_Sr,2,"['HRDH_1119', 'HRDH_697']","{'HRDH_1119': 0.596551798632472, 'HRDH_697': 0.46534335679694916}",0.5309475777147106,0.5309475777147106,0.06560422091776141,True,0.596551798632472,,,0.46534335679694916
Log_GR,Lab_XRD_K-Feldspar,2,"['HRDH_1867', 'HRDH_697']","{'HRDH_1867': 0.6459223067255241, 'HRDH_697': -0.41005096084131243}",0.11793567294210583,0.5279866337834183,0.5279866337834183,False,,0.6459223067255241,,-0.41005096084131243
Log_ZCOR,Lab_XRF_Si,2,"['HRDH_1119', 'HRDH_697']","{'HRDH_1119': 0.4188047052538767, 'HRDH_697': -0.6349247806158269}",-0.10806003768097511,0.5268647429348519,0.5268647429348519,False,0.4188047052538767,,,-0.6349247806158269
Log_CNC,Lab_XRF_Mg,2,"['HRDH_1119', 'HRDH_697']","{'HRDH_1119': 0.5785937149202427, 'HRDH_697': 0.47427476443667094}",0.5264342396784568,0.5264342396784568,0.05215947524178588,True,0.5785937149202427,,,0.47427476443667094
Log_SSN,Lab_XRF_K,2,"['HRDH_1119', 'HRDH_697']","{'HRDH_1119': -0.3498908575973202, 'HRDH_697': -0.7021064651529427}",-0.5259986613751315,0.5259986613751315,0.17610780377781127,True,-0.3498908575973202,,,-0.7021064651529427
Log_HRD1,Lab_XRD_Dickite,2,"['HRDH_1804', 'HRDH_1867']","{'HRDH_1804': 0.47801494186420734, 'HRDH_1867': -0.5730227421521119}",-0.04750390014395228,0.5255188420081596,0.5255188420081596,False,,-0.5730227421521119,0.47801494186420734,
Log_RUKC,Lab_XRD_Illite/Mica,2,"['HRDH_1804', 'HRDH_1867']","{'HRDH_1804': -0.32985131328052103, 'HRDH_1867': -0.7207560625089523}",-0.5253036878947367,0.5253036878947367,0.19545237461421563,True,,-0.7207560625089523,-0.32985131328052103,
Log_CN,Lab_XRF_Mg,2,"['HRDH_1119', 'HRDH_697']","{'HRDH_1119': 0.5713500382384027, 'HRDH_697': 0.47427714070498017}",0.5228135894716914,0.5228135894716914,0.04853644876671126,True,0.5713500382384027,,,0.47427714070498017
Log_PE,Lab_XRF_S,2,"['HRDH_1119', 'HRDH_697']","{'HRDH_1119': -0.8228252478640453, 'HRDH_697': -0.2217939635260157}",-0.5223096056950305,0.5223096056950305,0.3005156421690148,True,-0.8228252478640453,,,-0.2217939635260157
Log_GRSL,Lab_XRF_Ca,2,"['HRDH_1119', 'HRDH_697']","{'HRDH_1119': 0.7506596324741495, 'HRDH_697': -0.29339018121972504}",0.2286347256272122,0.5220249068469373,0.5220249068469373,False,0.7506596324741495,,,-0.29339018121972504
Log_ZCOR,Lab_XRF_K,2,"['HRDH_1119', 'HRDH_697']","{'HRDH_1119': 0.42212633145683676, 'HRDH_697': 0.6183624861708608}",0.5202444088138487,0.5202444088138487,0.098118077357012,True,0.42212633145683676,,,0.6183624861708608
Log_KC,Lab_XRD_Quartz,2,"['HRDH_1804', 'HRDH_1867']","{'HRDH_1804': -0.29492957335093656, 'HRDH_1867': -0.7445981816040699}",-0.5197638774775032,0.5197638774775032,0.22483430412656666,True,,-0.7445981816040699,-0.29492957335093656,
Log_SSN,Lab_XRF_Si,2,"['HRDH_1119', 'HRDH_697']","{'HRDH_1119': -0.37864553818806956, 'HRDH_697': 0.6597509154056185}",0.14055268860877446,0.519198226796844,0.519198226796844,False,-0.37864553818806956,,,0.6597509154056185
Log_SHR,Lab_XRF_K,2,"['HRDH_1119', 'HRDH_697']","{'HRDH_1119': -0.34235222847438446, 'HRDH_697': 0.6845525844086334}",0.17110017796712448,0.5134524064415089,0.5134524064415089,False,-0.34235222847438446,,,0.6845525844086334
Log_RTHUC,Lab_XRD_Illite/Mica,2,"['HRDH_1804', 'HRDH_1867']","{'HRDH_1804': 0.35188271683970085, 'HRDH_1867': 0.6543004097322094}",0.5030915632859552,0.5030915632859552,0.15120884644625426,True,,0.6543004097322094,0.35188271683970085,
Log_SFT2,Lab_XRD_Chlorite,2,"['HRDH_1867', 'HRDH_697']","{'HRDH_1867': -0.7976259548012974, 'HRDH_697': 0.20702887114837815}",-0.29529854182645965,0.5023274129748377,0.5023274129748379,False,,-0.7976259548012974,,0.20702887114837815
Log_ZDNC,Lab_XRF_Fe,2,"['HRDH_1119', 'HRDH_697']","{'HRDH_1119': -0.5524731689882529, 'HRDH_697': 0.44761670467972897}",-0.05242823215426198,0.500044936833991,0.500044936833991,False,-0.5524731689882529,,,0.44761670467972897
Log_ZDEN,Lab_XRF_Fe,2,"['HRDH_1119', 'HRDH_697']","{'HRDH_1119': -0.5522577860159061, 'HRDH_697': 0.4475627801526349}",-0.05234750293163562,0.49991028308427055,0.49991028308427055,False,-0.5522577860159061,,,0.4475627801526349
Log_PE,Lab_XRF_Al,2,"['HRDH_1119', 'HRDH_697']","{'HRDH_1119': 0.4390842147186808, 'HRDH_697': -0.558666376785393}",-0.05979108103335609,0.49887529575203693,0.49887529575203693,False,0.4390842147186808,,,-0.558666376785393
Log_KC,Lab_XRD_Dickite,2,"['HRDH_1804', 'HRDH_1867']","{'HRDH_1804': 0.38487958551247703, 'HRDH_1867': 0.6120962045205608}",0.4984878950165189,0.4984878950165189,0.11360830950404188,True,,0.6120962045205608,0.38487958551247703,
Log_LSN,Lab_XRF_K,2,"['HRDH_1119', 'HRDH_697']","{'HRDH_1119': -0.3464473955792353, 'HRDH_697': -0.6451880577950817}",-0.4958177266871585,0.4958177266871585,0.1493703311079232,True,-0.3464473955792353,,,-0.6451880577950817
Log_LSN,Lab_XRF_Fe,2,"['HRDH_1119', 'HRDH_697']","{'HRDH_1119': -0.43654748230155077, 'HRDH_697': -0.5466568610382458}",-0.4916021716698983,0.4916021716698983,0.05505468936834754,True,-0.43654748230155077,,,-0.5466568610382458
Log_HRD2,Lab_XRD_Dickite,2,"['HRDH_1804', 'HRDH_1867']","{'HRDH_1804': 0.475324380243972, 'HRDH_1867': -0.5034328454070818}",-0.014054232581554887,0.48937861282552686,0.48937861282552686,False,,-0.5034328454070818,0.475324380243972,
Log_GRSL,Lab_XRF_Na,2,"['HRDH_1119', 'HRDH_697']","{'HRDH_1119': 0.48772181099699297, 'HRDH_697': 0.4900706292611757}",0.48889622012908435,0.48889622012908435,0.0011744091320913808,True,0.48772181099699297,,,0.4900706292611757
Log_GR,Lab_XRF_Cl,2,"['HRDH_1119', 'HRDH_697']","{'HRDH_1119': 0.23586180577366933, 'HRDH_697': 0.7384174281093586}",0.487139616941514,0.487139616941514,0.25127781116784464,True,0.23586180577366933,,,0.7384174281093586
Log_SLGN,Lab_XRF_Ca,2,"['HRDH_1119', 'HRDH_697']","{'HRDH_1119': 0.7488873976038521, 'HRDH_697': -0.2227265230340072}",0.2630804372849225,0.48580696031892967,0.48580696031892967,False,0.7488873976038521,,,-0.2227265230340072
Log_KTH,Lab_XRD_Quartz,2,"['HRDH_1119', 'HRDH_697']","{'HRDH_1119': 0.5492465874529503, 'HRDH_697': -0.41745310324305934}",0.06589674210494548,0.48334984534800485,0.48334984534800485,False,0.5492465874529503,,,-0.41745310324305934
Log_ZDNC,Lab_XRD_Dickite,2,"['HRDH_1804', 'HRDH_1867']","{'HRDH_1804': -0.28062806831506876, 'HRDH_1867': 0.6851570219667267}",0.20226447682582896,0.48289254514089774,0.48289254514089774,False,,0.6851570219667267,-0.28062806831506876,
Log_ZDEN,Lab_XRD_Dickite,2,"['HRDH_1804', 'HRDH_1867']","{'HRDH_1804': -0.27934896214083527, 'HRDH_1867': 0.6850868296823688}",0.20286893377076676,0.482217895911602,0.482217895911602,False,,0.6850868296823688,-0.27934896214083527,
Log_ZDNC,Lab_XRF_Na,2,"['HRDH_1119', 'HRDH_697']","{'HRDH_1119': -0.5588914724312314, 'HRDH_697': -0.40156802392408825}",-0.48022974817765984,0.48022974817765984,0.07866172425357157,True,-0.5588914724312314,,,-0.40156802392408825
Log_ZDEN,Lab_XRF_Na,2,"['HRDH_1119', 'HRDH_697']","{'HRDH_1119': -0.5587260122955062, 'HRDH_697': -0.4015399799009284}",-0.4801329960982173,0.4801329960982173,0.07859301619728892,True,-0.5587260122955062,,,-0.4015399799009284
Log_HRD1,Lab_XRF_Fe,2,"['HRDH_1119', 'HRDH_697']","{'HRDH_1119': 0.5552047559347988, 'HRDH_697': 0.4044782260000854}",0.4798414909674421,0.4798414909674421,0.07536326496735671,True,0.5552047559347988,,,0.4044782260000854
Log_SHR,Lab_XRF_Al,2,"['HRDH_1119', 'HRDH_697']","{'HRDH_1119': -0.40191916709579584, 'HRDH_697': 0.5552617941415784}",0.07667131352289128,0.47859048061868714,0.47859048061868714,False,-0.40191916709579584,,,0.5552617941415784
Log_HRD2,Lab_XRF_Ca,2,"['HRDH_1119', 'HRDH_697']","{'HRDH_1119': 0.7129244052228396, 'HRDH_697': -0.24394448263734936}",0.23448996129274513,0.4784344439300945,0.4784344439300945,False,0.7129244052228396,,,-0.24394448263734936
Log_SHR,Lab_XRF_Mg,2,"['HRDH_1119', 'HRDH_697']","{'HRDH_1119': -0.47770887104494314, 'HRDH_697': 0.47489988892172397}",-0.0014044910616095863,0.4763043799833335,0.4763043799833335,False,-0.47770887104494314,,,0.47489988892172397
Log_SLGN,Lab_XRF_K,2,"['HRDH_1119', 'HRDH_697']","{'HRDH_1119': 0.5513724146068457, 'HRDH_697': -0.3962389244928256}",0.07756674505701006,0.47380566954983566,0.47380566954983566,False,0.5513724146068457,,,-0.3962389244928256
Log_LSN,Lab_XRF_Mg,2,"['HRDH_1119', 'HRDH_697']","{'HRDH_1119': -0.5629638722053362, 'HRDH_697': -0.3741998698510235}",-0.46858187102817983,0.46858187102817983,0.09438200117715634,True,-0.5629638722053362,,,-0.3741998698510235
Log_LSN,Lab_XRD_K-Feldspar,2,"['HRDH_1867', 'HRDH_697']","{'HRDH_1867': -0.6560388713221974, 'HRDH_697': 0.27870230250934136}",-0.18866828440642802,0.4673705869157694,0.4673705869157694,False,,-0.6560388713221974,,0.27870230250934136
Log_SSN,Lab_XRD_Anatase,2,"['HRDH_1804', 'HRDH_1867']","{'HRDH_1804': -0.1791679996964417, 'HRDH_1867': -0.7545321712028293}",-0.4668500854496355,0.4668500854496355,0.2876820857531938,True,,-0.7545321712028293,-0.1791679996964417,
Log_HRD1,Lab_XRF_Sr,2,"['HRDH_1119', 'HRDH_697']","{'HRDH_1119': -0.5681150277941815, 'HRDH_697': 0.3650287646811297}",-0.10154313155652592,0.4665718962376556,0.4665718962376556,False,-0.5681150277941815,,,0.3650287646811297
Log_ZCOR,Lab_XRD_Dickite,2,"['HRDH_1804', 'HRDH_1867']","{'HRDH_1804': 0.4712302329149881, 'HRDH_1867': -0.46048488223615897}",0.005372675339414573,0.46585755757557357,0.46585755757557357,False,,-0.46048488223615897,0.4712302329149881,
Log_SSN,Lab_XRF_S,2,"['HRDH_1119', 'HRDH_697']","{'HRDH_1119': 0.6896655106304955, 'HRDH_697': 0.24084709584542396}",0.46525630323795975,0.46525630323795975,0.22440920739253578,True,0.6896655106304955,,,0.24084709584542396
Log_GR,Lab_XRF_Ca,2,"['HRDH_1119', 'HRDH_697']","{'HRDH_1119': 0.7510949862237785, 'HRDH_697': -0.17714716467247546}",0.2869739107756515,0.464121075448127,0.464121075448127,False,0.7510949862237785,,,-0.17714716467247546
Log_SLGN,Lab_XRF_P,2,"['HRDH_1119', 'HRDH_697']","{'HRDH_1119': 0.6013200334584023, 'HRDH_697': 0.32322996757772715}",0.46227500051806475,0.46227500051806475,0.1390450329403376,True,0.6013200334584023,,,0.32322996757772715
Log_SSN,Lab_XRF_Fe,2,"['HRDH_1119', 'HRDH_697']","{'HRDH_1119': -0.4242483452773059, 'HRDH_697': -0.4998003956481655}",-0.4620243704627357,0.4620243704627357,0.037776025185429774,True,-0.4242483452773059,,,-0.4998003956481655
Log_ZDEN,Lab_XRF_Ca,2,"['HRDH_1119', 'HRDH_697']","{'HRDH_1119': -0.7189793520999715, 'HRDH_697': 0.19789386776168852}",-0.26054274216914153,0.45843660993083,0.45843660993083,False,-0.7189793520999715,,,0.19789386776168852
Log_ZDNC,Lab_XRF_Ca,2,"['HRDH_1119', 'HRDH_697']","{'HRDH_1119': -0.7189220317772164, 'HRDH_697': 0.19790772295344633}",-0.260507154411885,0.4584148773653314,0.4584148773653314,False,-0.7189220317772164,,,0.19790772295344633
Log_HRD1,Lab_XRF_S,2,"['HRDH_1119', 'HRDH_697']","{'HRDH_1119': -0.8153190501620635, 'HRDH_697': -0.10109965876972843}",-0.45820935446589595,0.45820935446589595,0.3571096956961676,True,-0.8153190501620635,,,-0.10109965876972843
Log_ZCOR,Lab_XRF_Na,2,"['HRDH_1119', 'HRDH_697']","{'HRDH_1119': 0.4950212590659108, 'HRDH_697': -0.42074269149349486}",0.03713928378620798,0.45788197527970287,0.45788197527970287,False,0.4950212590659108,,,-0.42074269149349486
Log_SSD,Lab_XRD_Anatase,2,"['HRDH_1804', 'HRDH_1867']","{'HRDH_1804': 0.28713798155601766, 'HRDH_1867': -0.6279133465917254}",-0.17038768251785386,0.4575256640738715,0.4575256640738715,False,,-0.6279133465917254,0.28713798155601766,
Log_SSD,Lab_XRD_Chlorite,2,"['HRDH_1867', 'HRDH_697']","{'HRDH_1867': -0.7850290471112311, 'HRDH_697': 0.11820331654898705}",-0.333412865281122,0.4516161818301091,0.4516161818301091,False,,-0.7850290471112311,,0.11820331654898705
Log_LSN,Lab_XRD_Anatase,2,"['HRDH_1804', 'HRDH_1867']","{'HRDH_1804': -0.14614528771648075, 'HRDH_1867': -0.7550675326758972}",-0.45060641019618897,0.45060641019618897,0.30446112247970825,True,,-0.7550675326758972,-0.14614528771648075,
Log_SSN,Lab_XRF_Na,2,"['HRDH_1119', 'HRDH_697']","{'HRDH_1119': -0.3224529188871865, 'HRDH_697': -0.5772501617551709}",-0.4498515403211787,0.4498515403211787,0.12739862143399217,True,-0.3224529188871865,,,-0.5772501617551709
Log_LSN,Lab_XRF_Na,2,"['HRDH_1119', 'HRDH_697']","{'HRDH_1119': -0.32711032621799907, 'HRDH_697': -0.5718933840757402}",-0.44950185514686963,0.44950185514686963,0.12239152892887056,True,-0.32711032621799907,,,-0.5718933840757402
Log_ZDEN,Lab_XRD_Chlorite,2,"['HRDH_1867', 'HRDH_697']","{'HRDH_1867': 0.6949485099167998, 'HRDH_697': 0.19980142603917006}",0.4473749679779849,0.4473749679779849,0.24757354193881487,True,,0.6949485099167998,,0.19980142603917006
Log_ZDNC,Lab_XRD_Chlorite,2,"['HRDH_1867', 'HRDH_697']","{'HRDH_1867': 0.6949593615108652, 'HRDH_697': 0.19978580240877758}",0.44737258195982144,0.44737258195982144,0.24758677955104383,True,,0.6949593615108652,,0.19978580240877758
Log_RUK,Lab_XRD_Quartz,2,"['HRDH_1119', 'HRDH_697']","{'HRDH_1119': -0.24398909936314572, 'HRDH_697': 0.6440544346034804}",0.20003266762016736,0.4440217669833131,0.4440217669833131,False,-0.24398909936314572,,,0.6440544346034804
Log_PE,Lab_XRF_Mg,2,"['HRDH_1119', 'HRDH_697']","{'HRDH_1119': 0.41922665719243646, 'HRDH_697': -0.46639983606117213}",-0.02358658943436784,0.4428132466268043,0.4428132466268043,False,0.41922665719243646,,,-0.46639983606117213
Log_LSN,Lab_XRF_S,2,"['HRDH_1119', 'HRDH_697']","{'HRDH_1119': 0.7480020302661188, 'HRDH_697': 0.13512422339874292}",0.4415631268324308,0.4415631268324308,0.3064389034336879,True,0.7480020302661188,,,0.13512422339874292
Log_GRSL,Lab_XRD_Quartz,2,"['HRDH_1119', 'HRDH_697']","{'HRDH_1119': 0.39320206502904775, 'HRDH_697': -0.48516769259753956}",-0.0459828137842459,0.43918487881329366,0.43918487881329366,False,0.39320206502904775,,,-0.48516769259753956
Log_U,Lab_XRF_S,2,"['HRDH_1119', 'HRDH_697']","{'HRDH_1119': -0.40394610321067226, 'HRDH_697': -0.47370189443742405}",-0.43882399882404816,0.43882399882404816,0.0348778956133759,True,-0.40394610321067226,,,-0.47370189443742405
Log_ZCOR,Lab_XRF_Al,2,"['HRDH_1119', 'HRDH_697']","{'HRDH_1119': 0.4120237515273586, 'HRDH_697': 0.45951174457303506}",0.4357677480501968,0.4357677480501968,0.023743996522838234,True,0.4120237515273586,,,0.45951174457303506
Log_U,Lab_XRF_Sr,2,"['HRDH_1119', 'HRDH_697']","{'HRDH_1119': -0.505525598736136, 'HRDH_697': 0.35765466317754935}",-0.07393546777929333,0.4315901309568427,0.4315901309568427,False,-0.505525598736136,,,0.35765466317754935
Log_KC,Lab_XRD_Anatase,2,"['HRDH_1804', 'HRDH_1867']","{'HRDH_1804': 0.2427115295446761, 'HRDH_1867': 0.6169688471064343}",0.4298401883255552,0.4298401883255552,0.18712865878087911,True,,0.6169688471064343,0.2427115295446761,
Log_HRD2,Lab_XRF_Al,2,"['HRDH_1119', 'HRDH_697']","{'HRDH_1119': 0.5095441806338455, 'HRDH_697': 0.34109411640679066}",0.4253191485203181,0.4253191485203181,0.08422503211352744,True,0.5095441806338455,,,0.34109411640679066
Log_U,Lab_XRF_Ca,2,"['HRDH_1119', 'HRDH_697']","{'HRDH_1119': 0.5689349736094222, 'HRDH_697': -0.2739778550918241}",0.14747855925879907,0.4214564143506232,0.4214564143506232,False,0.5689349736094222,,,-0.2739778550918241
Log_RUK,Lab_XRF_Ca,2,"['HRDH_1119', 'HRDH_697']","{'HRDH_1119': 0.49491407494486206, 'HRDH_697': -0.34596433699650014}",0.07447486897418096,0.4204392059706811,0.4204392059706811,False,0.49491407494486206,,,-0.34596433699650014
Log_SPD,Lab_XRD_Plagioclase,2,"['HRDH_1119', 'HRDH_1867']","{'HRDH_1119': -0.5726209471729248, 'HRDH_1867': 0.26537043618820133}",-0.15362525549236172,0.41899569168056305,0.41899569168056305,False,-0.5726209471729248,0.26537043618820133,,
Log_CNC,Lab_XRF_Si,2,"['HRDH_1119', 'HRDH_697']","{'HRDH_1119': 0.23826485119281507, 'HRDH_697': -0.5985485730754233}",-0.18014186094130413,0.4184067121341192,0.4184067121341192,False,0.23826485119281507,,,-0.5985485730754233
Log_CN,Lab_XRF_Si,2,"['HRDH_1119', 'HRDH_697']","{'HRDH_1119': 0.23100331137961258, 'HRDH_697': -0.5985543466824306}",-0.18377551765140898,0.4147788290310216,0.4147788290310216,False,0.23100331137961258,,,-0.5985543466824306
Log_HRD2,Lab_XRF_Fe,2,"['HRDH_1119', 'HRDH_697']","{'HRDH_1119': 0.567568952016165, 'HRDH_697': -0.2610505438124853}",0.15325920410183982,0.4143097479143252,0.4143097479143252,False,0.567568952016165,,,-0.2610505438124853
Log_TH,Lab_XRF_Fe,2,"['HRDH_1119', 'HRDH_697']","{'HRDH_1119': 0.32630674679992727, 'HRDH_697': -0.5007078397394571}",-0.08720054646976491,0.41350729326969216,0.41350729326969216,False,0.32630674679992727,,,-0.5007078397394571
Log_HRD2,Lab_XRF_Sr,2,"['HRDH_1119', 'HRDH_697']","{'HRDH_1119': -0.5544186006172015, 'HRDH_697': -0.2703784232154526}",-0.41239851191632704,0.41239851191632704,0.14202008870087446,True,-0.5544186006172015,,,-0.2703784232154526
Log_K,Lab_XRF_Si,2,"['HRDH_1119', 'HRDH_697']","{'HRDH_1119': 0.45312747631732825, 'HRDH_697': -0.36856542865399966}",0.042281023831664294,0.410846452485664,0.410846452485664,False,0.45312747631732825,,,-0.36856542865399966
Log_HRD2,Lab_XRF_Na,2,"['HRDH_1119', 'HRDH_697']","{'HRDH_1119': 0.5847629819730243, 'HRDH_697': 0.23655559926478248}",0.4106592906189034,0.4106592906189034,0.17410369135412093,True,0.5847629819730243,,,0.23655559926478248
Log_GRSL,Lab_XRF_Cl,2,"['HRDH_1119', 'HRDH_697']","{'HRDH_1119': 0.23468715922054606, 'HRDH_697': 0.5842896196283651}",0.4094883894244556,0.4094883894244556,0.17480123020390953,True,0.23468715922054606,,,0.5842896196283651
Log_SHR,Lab_XRF_Na,2,"['HRDH_1119', 'HRDH_697']","{'HRDH_1119': -0.5063648597426185, 'HRDH_697': -0.3125096136758842}",-0.40943723670925136,0.40943723670925136,0.09692762303336713,True,-0.5063648597426185,,,-0.3125096136758842
Log_GRSL,Lab_XRF_Fe,2,"['HRDH_1119', 'HRDH_697']","{'HRDH_1119': 0.5529701636972415, 'HRDH_697': 0.2630403608372823}",0.4080052622672619,0.4080052622672619,0.1449649014299796,True,0.5529701636972415,,,0.2630403608372823
Log_K,Lab_XRF_Al,2,"['HRDH_1119', 'HRDH_697']","{'HRDH_1119': 0.4319360525895305, 'HRDH_697': 0.3829789736638435}",0.407457513126687,0.407457513126687,0.024478539462843507,True,0.4319360525895305,,,0.3829789736638435
Log_WTBH,Lab_XRD_Dickite,2,"['HRDH_1804', 'HRDH_1867']","{'HRDH_1804': -0.4513795922970262, 'HRDH_1867': 0.3626905764362798}",-0.0443445079303732,0.407035084366653,0.407035084366653,False,,0.3626905764362798,-0.4513795922970262,
Log_SSD,Lab_XRF_Na,2,"['HRDH_1119', 'HRDH_697']","{'HRDH_1119': 0.6274741271449661, 'HRDH_697': -0.18552108007451618}",0.22097652353522496,0.40649760360974113,0.40649760360974113,False,0.6274741271449661,,,-0.18552108007451618
Log_KTHC,Lab_XRD_Dickite,2,"['HRDH_1804', 'HRDH_1867']","{'HRDH_1804': 0.3483499277418791, 'HRDH_1867': 0.4636907756767448}",0.40602035170931194,0.40602035170931194,0.057670423967432854,True,,0.4636907756767448,0.3483499277418791,
Log_KTH,Lab_XRF_Cl,2,"['HRDH_1119', 'HRDH_697']","{'HRDH_1119': 0.30611455470447135, 'HRDH_697': 0.50360608567517}",0.40486032018982065,0.40486032018982065,0.0987457654853493,True,0.30611455470447135,,,0.50360608567517
Log_SHR,Lab_XRF_Cl,2,"['HRDH_1119', 'HRDH_697']","{'HRDH_1119': -0.5353111104605481, 'HRDH_697': 0.2686170892525105}",-0.13334701060401882,0.4019640998565293,0.4019640998565293,False,-0.5353111104605481,,,0.2686170892525105
Log_SSN,Lab_XRF_Sr,2,"['HRDH_1119', 'HRDH_697']","{'HRDH_1119': 0.42810137698636286, 'HRDH_697': -0.37450537806144435}",0.026797999462459254,0.4013033775239036,0.4013033775239036,False,0.42810137698636286,,,-0.37450537806144435
Log_KTH,Lab_XRF_P,2,"['HRDH_1119', 'HRDH_697']","{'HRDH_1119': 0.5121281710273689, 'HRDH_697': -0.28994634226138255}",0.11109091438299315,0.40103725664437573,0.40103725664437573,False,0.5121281710273689,,,-0.28994634226138255
Log_RTHUC,Lab_XRD_Quartz,2,"['HRDH_1804', 'HRDH_1867']","{'HRDH_1804': -0.5499251507213649, 'HRDH_1867': -0.2511152389844317}",-0.40052019485289836,0.40052019485289836,0.1494049558684666,True,,-0.2511152389844317,-0.5499251507213649,
Log_SFT2,Lab_XRD_Anatase,2,"['HRDH_1804', 'HRDH_1867']","{'HRDH_1804': 0.2503604116942467, 'HRDH_1867': -0.5505356694215012}",-0.15008762886362725,0.400448040557874,0.400448040557874,False,,-0.5505356694215012,0.2503604116942467,
Log_SPD,Lab_XRD_Quartz,2,"['HRDH_1119', 'HRDH_1804']","{'HRDH_1119': -0.4243996253672877, 'HRDH_1804': 0.36994250272273055}",-0.027228561322278577,0.3971710640450091,0.3971710640450091,False,-0.4243996253672877,,0.36994250272273055,
Log_TH,Lab_XRF_K,2,"['HRDH_1119', 'HRDH_697']","{'HRDH_1119': 0.3093103746359601, 'HRDH_697': -0.48138348477896004}",-0.08603655507149996,0.3953469297074601,0.3953469297074601,False,0.3093103746359601,,,-0.48138348477896004
Log_CNC,Lab_XRF_Fe,2,"['HRDH_1119', 'HRDH_697']","{'HRDH_1119': 0.2658046080213853, 'HRDH_697': 0.5244514744961197}",0.3951280412587525,0.3951280412587525,0.12932343323736722,True,0.2658046080213853,,,0.5244514744961197
Log_PE,Lab_XRF_Na,2,"['HRDH_1119', 'HRDH_697']","{'HRDH_1119': 0.4915394224338805, 'HRDH_697': 0.2951176612362053}",0.3933285418350429,0.3933285418350429,0.09821088059883759,True,0.4915394224338805,,,0.2951176612362053
Log_KTH,Lab_XRF_S,2,"['HRDH_1119', 'HRDH_697']","{'HRDH_1119': -0.6242312108988489, 'HRDH_697': -0.16211301686126237}",-0.39317211388005563,0.39317211388005563,0.2310590970187933,True,-0.6242312108988489,,,-0.16211301686126237
Log_LSN,Lab_XRD_Chlorite,2,"['HRDH_1867', 'HRDH_697']","{'HRDH_1867': -0.5065662033544169, 'HRDH_697': 0.27870230250934147}",-0.11393195042253773,0.3926342529318792,0.3926342529318792,False,,-0.5065662033544169,,0.27870230250934147
Log_CNC,Lab_XRF_Al,2,"['HRDH_1119', 'HRDH_697']","{'HRDH_1119': 0.2232969963206054, 'HRDH_697': 0.5606034530357829}",0.3919502246781941,0.3919502246781941,0.16865322835758872,True,0.2232969963206054,,,0.5606034530357829
Log_CN,Lab_XRF_Fe,2,"['HRDH_1119', 'HRDH_697']","{'HRDH_1119': 0.2588526222055672, 'HRDH_697': 0.5244558631837056}",0.39165424269463645,0.39165424269463645,0.1328016204890692,True,0.2588526222055672,,,0.5244558631837056
Log_HRD1,Lab_XRD_Anatase,2,"['HRDH_1804', 'HRDH_1867']","{'HRDH_1804': 0.25208303463759785, 'HRDH_1867': -0.5305518455342971}",-0.13923440544834964,0.3913174400859475,0.3913174400859475,False,,-0.5305518455342971,0.25208303463759785,
Log_RTHK,Lab_XRF_Mg,2,"['HRDH_1119', 'HRDH_697']","{'HRDH_1119': 0.31324312117675895, 'HRDH_697': -0.464660187215323}",-0.07570853301928201,0.38895165419604094,0.38895165419604094,False,0.31324312117675895,,,-0.464660187215323
Log_K,Lab_XRF_Fe,2,"['HRDH_1119', 'HRDH_697']","{'HRDH_1119': 0.4698992750170461, 'HRDH_697': 0.30675498845114896}",0.3883271317340975,0.3883271317340975,0.08157214328294857,True,0.4698992750170461,,,0.30675498845114896
Log_CN,Lab_XRF_Al,2,"['HRDH_1119', 'HRDH_697']","{'HRDH_1119': 0.21597859688043225, 'HRDH_697': 0.5606083420859349}",0.38829346948318355,0.38829346948318355,0.17231487260275133,True,0.21597859688043225,,,0.5606083420859349
Log_RUK,Lab_XRF_Si,2,"['HRDH_1119', 'HRDH_697']","{'HRDH_1119': -0.17065849471470818, 'HRDH_697': 0.6017802640514754}",0.21556088466838363,0.3862193793830918,0.3862193793830918,False,-0.17065849471470818,,,0.6017802640514754
Log_SSD,Lab_XRF_P,2,"['HRDH_1119', 'HRDH_697']","{'HRDH_1119': 0.36646314113683115, 'HRDH_697': -0.40482964930539606}",-0.019183254084282453,0.3856463952211136,0.3856463952211136,False,0.36646314113683115,,,-0.40482964930539606
Log_CAL,Lab_XRD_Quartz,2,"['HRDH_1804', 'HRDH_1867']","{'HRDH_1804': -0.5071379370982001, 'HRDH_1867': 0.25852484011995897}",-0.12430654848912057,0.3828313886090795,0.3828313886090795,False,,0.25852484011995897,-0.5071379370982001,
Log_RTHK,Lab_XRD_Quartz,2,"['HRDH_1119', 'HRDH_697']","{'HRDH_1119': 0.12320788917461319, 'HRDH_697': 0.6414043806857691}",0.38230613493019117,0.38230613493019117,0.25909824575557794,True,0.12320788917461319,,,0.6414043806857691
Log_GR,Lab_XRF_Al,2,"['HRDH_1119', 'HRDH_697']","{'HRDH_1119': 0.4179011055939029, 'HRDH_697': 0.3438398556944459}",0.3808704806441744,0.3808704806441744,0.0370306249497285,True,0.4179011055939029,,,0.3438398556944459
Log_SSD,Lab_XRF_Ca,2,"['HRDH_1119', 'HRDH_697']","{'HRDH_1119': 0.6449425996468187, 'HRDH_697': 0.11433156391577412}",0.3796370817812964,0.3796370817812964,0.26530551786552226,True,0.6449425996468187,,,0.11433156391577412
Log_RTHK,Lab_XRF_K,2,"['HRDH_1119', 'HRDH_697']","{'HRDH_1119': 0.24245065856167763, 'HRDH_697': -0.51517613607465}",-0.13636273875648616,0.37881339731816377,0.37881339731816377,False,0.24245065856167763,,,-0.51517613607465
Log_CALX,Lab_XRD_Quartz,2,"['HRDH_1804', 'HRDH_1867']","{'HRDH_1804': -0.49820021837771905, 'HRDH_1867': 0.25852484011995897}",-0.11983768912888004,0.378362529248839,0.378362529248839,False,,0.25852484011995897,-0.49820021837771905,
Log_PE,Lab_XRF_Cl,2,"['HRDH_1119', 'HRDH_697']","{'HRDH_1119': 0.49005126117994724, 'HRDH_697': -0.2658129606227721}",0.11211915027858757,0.3779321109013597,0.3779321109013597,False,0.49005126117994724,,,-0.2658129606227721
Log_ZDNC,Lab_XRD_K-Feldspar,2,"['HRDH_1867', 'HRDH_697']","{'HRDH_1867': 0.5557054623104127, 'HRDH_697': 0.19978580240877747}",0.37774563235959513,0.37774563235959513,0.17795982995081763,True,,0.5557054623104127,,0.19978580240877747
Log_ZDEN,Lab_XRD_K-Feldspar,2,"['HRDH_1867', 'HRDH_697']","{'HRDH_1867': 0.5556559587599562, 'HRDH_697': 0.19980142603917006}",0.37772869239956314,0.37772869239956314,0.17792726636039308,True,,0.5556559587599562,,0.19980142603917006
Log_GRSL,Lab_XRF_Al,2,"['HRDH_1119', 'HRDH_697']","{'HRDH_1119': 0.4177262099541919, 'HRDH_697': 0.3377034367987432}",0.37771482337646756,0.37771482337646756,0.04001138657772435,True,0.4177262099541919,,,0.3377034367987432
Log_TH,Lab_XRF_Si,2,"['HRDH_1119', 'HRDH_697']","{'HRDH_1119': 0.20272824848588547, 'HRDH_697': 0.5512938581165503}",0.37701105330121787,0.37701105330121787,0.1742828048153324,True,0.20272824848588547,,,0.5512938581165503
Log_THC,Lab_XRD_Dickite,2,"['HRDH_1804', 'HRDH_1867']","{'HRDH_1804': 0.23435660143723325, 'HRDH_1867': 0.5192071227538548}",0.37678186209554404,0.37678186209554404,0.1424252606583108,True,,0.5192071227538548,0.23435660143723325,
Log_GRSL,Lab_XRF_K,2,"['HRDH_1119', 'HRDH_697']","{'HRDH_1119': 0.4238528739119168, 'HRDH_697': 0.32824134212219885}",0.3760471080170578,0.3760471080170578,0.047805765894858965,True,0.4238528739119168,,,0.32824134212219885
Log_LSN,Lab_XRF_Sr,2,"['HRDH_1119', 'HRDH_697']","{'HRDH_1119': 0.43109312252558596, 'HRDH_697': -0.31970049366407327}",0.055696314430756344,0.3753968080948296,0.3753968080948296,False,0.43109312252558596,,,-0.31970049366407327
Log_GR,Lab_XRF_P,2,"['HRDH_1119', 'HRDH_697']","{'HRDH_1119': 0.4283037421990863, 'HRDH_697': -0.3097891514419506}",0.05925729537856783,0.36904644682051846,0.36904644682051846,False,0.4283037421990863,,,-0.3097891514419506
Log_HRD2,Lab_XRF_K,2,"['HRDH_1119', 'HRDH_697']","{'HRDH_1119': 0.450146250391674, 'HRDH_697': 0.28750664150967553}",0.36882644595067476,0.36882644595067476,0.08131980444099923,True,0.450146250391674,,,0.28750664150967553
Log_RTHK,Lab_XRF_Si,2,"['HRDH_1119', 'HRDH_697']","{'HRDH_1119': 0.12738329001597615, 'HRDH_697': 0.6007734187695353}",0.3640783543927557,0.3640783543927557,0.23669506437677956,True,0.12738329001597615,,,0.6007734187695353
Log_ZDNC,Lab_XRF_P,2,"['HRDH_1119', 'HRDH_697']","{'HRDH_1119': -0.41429236868485114, 'HRDH_697': -0.3092707805970608}",-0.36178157464095595,0.36178157464095595,0.052510794043895165,True,-0.41429236868485114,,,-0.3092707805970608
Log_ZDEN,Lab_XRF_P,2,"['HRDH_1119', 'HRDH_697']","{'HRDH_1119': -0.4141824818598208, 'HRDH_697': -0.3092743436015809}",-0.3617284127307009,0.3617284127307009,0.05245406912911996,True,-0.4141824818598208,,,-0.3092743436015809
Log_HRD2,Lab_XRD_Anatase,2,"['HRDH_1804', 'HRDH_1867']","{'HRDH_1804': 0.25478235601700927, 'HRDH_1867': -0.4684448504770472}",-0.10683124723001897,0.36161360324702824,0.36161360324702824,False,,-0.4684448504770472,0.25478235601700927,
Log_RUK,Lab_XRF_K,2,"['HRDH_1119', 'HRDH_697']","{'HRDH_1119': -0.21255886709312785, 'HRDH_697': -0.5040706051672084}",-0.3583147361301681,0.3583147361301681,0.14575586903704024,True,-0.21255886709312785,,,-0.5040706051672084
Log_SLTM,Lab_XRF_Fe,2,"['HRDH_1119', 'HRDH_697']","{'HRDH_1119': 0.392959128588378, 'HRDH_697': 0.3231593361654699}",0.35805923237692394,0.35805923237692394,0.03489989621145406,True,0.392959128588378,,,0.3231593361654699
Log_GR,Lab_XRF_Fe,2,"['HRDH_1119', 'HRDH_697']","{'HRDH_1119': 0.552909765286621, 'HRDH_697': 0.16145319885796483}",0.3571814820722929,0.3571814820722929,0.19572828321432806,True,0.552909765286621,,,0.16145319885796483
Log_SFT2,Lab_XRF_Ca,2,"['HRDH_1119', 'HRDH_697']","{'HRDH_1119': 0.5293710446342589, 'HRDH_697': 0.17745009318931207}",0.35341056891178546,0.35341056891178546,0.17596047572247342,True,0.5293710446342589,,,0.17745009318931207
Log_GR,Lab_XRF_K,2,"['HRDH_1119', 'HRDH_697']","{'HRDH_1119': 0.4236860312877294, 'HRDH_697': 0.2826430613506091}",0.35316454631916927,0.35316454631916927,0.07052148496856014,True,0.4236860312877294,,,0.2826430613506091
Log_GRSL,Lab_XRF_P,2,"['HRDH_1119', 'HRDH_697']","{'HRDH_1119': 0.4283325558943208, 'HRDH_697': -0.2779618684825657}",0.07518534370587754,0.35314721218844325,0.35314721218844325,False,0.4283325558943208,,,-0.2779618684825657
Log_SFT2,Lab_XRF_Na,2,"['HRDH_1119', 'HRDH_697']","{'HRDH_1119': 0.5491193592386704, 'HRDH_697': -0.15709357266777924}",0.19601289328544558,0.3531064659532248,0.3531064659532248,False,0.5491193592386704,,,-0.15709357266777924
Log_ZCOR,Lab_XRF_Mg,2,"['HRDH_1119', 'HRDH_697']","{'HRDH_1119': 0.4257445314828237, 'HRDH_697': 0.2727474239961834}",0.34924597773950355,0.34924597773950355,0.07649855374332015,True,0.4257445314828237,,,0.2727474239961834
Log_CNC,Lab_XRF_K,2,"['HRDH_1119', 'HRDH_697']","{'HRDH_1119': 0.21664858099886145, 'HRDH_697': 0.4790836901576775}",0.34786613557826945,0.34786613557826945,0.131217554579408,True,0.21664858099886145,,,0.4790836901576775
Log_KTH,Lab_XRF_Sr,2,"['HRDH_1119', 'HRDH_697']","{'HRDH_1119': -0.3851389635440116, 'HRDH_697': -0.30785693109568724}",-0.3464979473198494,0.3464979473198494,0.03864101622416219,True,-0.3851389635440116,,,-0.30785693109568724
Log_RTHK,Lab_XRF_Fe,2,"['HRDH_1119', 'HRDH_697']","{'HRDH_1119': 0.25808312911792897, 'HRDH_697': -0.434125115999315}",-0.08802099344069303,0.346104122558622,0.346104122558622,False,0.25808312911792897,,,-0.434125115999315
Log_K,Lab_XRF_K,2,"['HRDH_1119', 'HRDH_697']","{'HRDH_1119': 0.4565163143803657, 'HRDH_697': 0.23458555001718573}",0.34555093219877575,0.34555093219877575,0.11096538218159,True,0.4565163143803657,,,0.23458555001718573
Log_CN,Lab_XRF_K,2,"['HRDH_1119', 'HRDH_697']","{'HRDH_1119': 0.2092204152020839, 'HRDH_697': 0.4790908725499927}",0.3441556438760383,0.3441556438760383,0.1349352286739544,True,0.2092204152020839,,,0.4790908725499927
Log_RTHK,Lab_XRF_Al,2,"['HRDH_1119', 'HRDH_697']","{'HRDH_1119': 0.12742819842889108, 'HRDH_697': -0.5607299700823574}",-0.21665088582673314,0.3440790842556242,0.3440790842556242,False,0.12742819842889108,,,-0.5607299700823574
Log_PE,Lab_XRD_Plagioclase,2,"['HRDH_1119', 'HRDH_1867']","{'HRDH_1119': 0.5024799138759517, 'HRDH_1867': -0.1855731658174688}",0.15845337402924145,0.3440265398467103,0.3440265398467103,False,0.5024799138759517,-0.1855731658174688,,
Log_SHR,Lab_XRD_Dickite,2,"['HRDH_1804', 'HRDH_1867']","{'HRDH_1804': -0.44393403565608625, 'HRDH_1867': -0.23649905767108348}",-0.34021654666358486,0.34021654666358486,0.10371748899250138,True,,-0.23649905767108348,-0.44393403565608625,
Log_RTHKC,Lab_XRD_Quartz,2,"['HRDH_1804', 'HRDH_1867']","{'HRDH_1804': 0.19041827457131352, 'HRDH_1867': 0.48846160674508626}",0.3394399406581999,0.3394399406581999,0.14902166608688636,True,,0.48846160674508626,0.19041827457131352,
Log_KTH,Lab_XRF_Ca,2,"['HRDH_1119', 'HRDH_697']","{'HRDH_1119': 0.5391150774674063, 'HRDH_697': -0.13946125445830215}",0.19982691150455206,0.3392881659628542,0.3392881659628542,False,0.5391150774674063,,,-0.13946125445830215
Log_SSD,Lab_XRF_Cl,2,"['HRDH_1119', 'HRDH_697']","{'HRDH_1119': 0.5075090323889083, 'HRDH_697': 0.1705108175226439}",0.3390099249557761,0.3390099249557761,0.1684991074331322,True,0.5075090323889083,,,0.1705108175226439
Log_RUK,Lab_XRF_Al,2,"['HRDH_1119', 'HRDH_697']","{'HRDH_1119': -0.11871001155016314, 'HRDH_697': -0.5544282809628425}",-0.3365691462565028,0.3365691462565028,0.21785913470633966,True,-0.11871001155016314,,,-0.5544282809628425
Log_ZDNC,Lab_XRF_Si,2,"['HRDH_1119', 'HRDH_697']","{'HRDH_1119': -0.5130980569612236, 'HRDH_697': -0.15518763619686884}",-0.3341428465790462,0.3341428465790462,0.17895521038217738,True,-0.5130980569612236,,,-0.15518763619686884
Log_ZDEN,Lab_XRF_Si,2,"['HRDH_1119', 'HRDH_697']","{'HRDH_1119': -0.5129269254885589, 'HRDH_697': -0.15513225817892143}",-0.33402959183374015,0.33402959183374015,0.17889733365481872,True,-0.5129269254885589,,,-0.15513225817892143
Log_ZDNC,Lab_XRF_Al,2,"['HRDH_1119', 'HRDH_697']","{'HRDH_1119': -0.5133811627222479, 'HRDH_697': -0.15010437566583437}",-0.3317427691940411,0.3317427691940411,0.18163839352820674,True,-0.5133811627222479,,,-0.15010437566583437
Log_ZDEN,Lab_XRF_Al,2,"['HRDH_1119', 'HRDH_697']","{'HRDH_1119': -0.5131963104789461, 'HRDH_697': -0.1501550071830354}",-0.33167565883099076,0.33167565883099076,0.18152065164795533,True,-0.5131963104789461,,,-0.1501550071830354
Log_GRSL,Lab_XRF_Si,2,"['HRDH_1119', 'HRDH_697']","{'HRDH_1119': 0.4092515157896047, 'HRDH_697': -0.25340819872226117}",0.07792165853367178,0.33132985725593295,0.33132985725593295,False,0.4092515157896047,,,-0.25340819872226117
Log_TH,Lab_XRF_Mg,2,"['HRDH_1119', 'HRDH_697']","{'HRDH_1119': 0.30884656851994624, 'HRDH_697': -0.34979668041580414}",-0.02047505594792895,0.32932162446787516,0.32932162446787516,False,0.30884656851994624,,,-0.34979668041580414
Log_SSD,Lab_XRD_Plagioclase,2,"['HRDH_1119', 'HRDH_1867']","{'HRDH_1119': 0.40029973767496874, 'HRDH_1867': 0.25570573783760914}",0.32800273775628896,0.32800273775628896,0.0722969999186798,True,0.40029973767496874,0.25570573783760914,,
Log_RTHK,Lab_XRF_Cl,2,"['HRDH_1119', 'HRDH_697']","{'HRDH_1119': 0.12619962151424394, 'HRDH_697': -0.529629915113287}",-0.20171514679952157,0.3279147683137655,0.3279147683137655,False,0.12619962151424394,,,-0.529629915113287
Log_GRSLC,Lab_XRD_Dickite,2,"['HRDH_1804', 'HRDH_1867']","{'HRDH_1804': 0.2560978178937859, 'HRDH_1867': 0.3995288202014875}",0.32781331904763666,0.32781331904763666,0.07171550115385081,True,,0.3995288202014875,0.2560978178937859,
Log_RUKC,Lab_XRD_Anatase,2,"['HRDH_1804', 'HRDH_1867']","{'HRDH_1804': -0.24459989282979394, 'HRDH_1867': -0.4097352301537999}",-0.32716756149179693,0.32716756149179693,0.08256766866200299,True,,-0.4097352301537999,-0.24459989282979394,
Log_U,Lab_XRF_K,2,"['HRDH_1119', 'HRDH_697']","{'HRDH_1119': -0.18130591217139558, 'HRDH_697': 0.471428244283316}",0.1450611660559602,0.3263670782273558,0.3263670782273558,False,-0.18130591217139558,,,0.471428244283316
Log_SSD,Lab_XRF_Mg,2,"['HRDH_1119', 'HRDH_697']","{'HRDH_1119': 0.33447579326901444, 'HRDH_697': 0.31780309781123106}",0.32613944554012275,0.32613944554012275,0.008336347728891691,True,0.33447579326901444,,,0.31780309781123106
Log_SHR,Lab_XRD_Plagioclase,2,"['HRDH_1119', 'HRDH_1867']","{'HRDH_1119': -0.4748864936101982, 'HRDH_1867': 0.17604022539048933}",-0.14942313410985442,0.3254633595003438,0.3254633595003438,False,-0.4748864936101982,0.17604022539048933,,
Log_CNC,Lab_XRF_Na,2,"['HRDH_1119', 'HRDH_697']","{'HRDH_1119': 0.10302908278117236, 'HRDH_697': 0.5473917905157888}",0.3252104366484806,0.3252104366484806,0.22218135386730822,True,0.10302908278117236,,,0.5473917905157888
Log_GR,Lab_XRF_Si,2,"['HRDH_1119', 'HRDH_697']","{'HRDH_1119': 0.40963257131673825, 'HRDH_697': -0.24008012345976093}",0.08477622392848866,0.3248563473882496,0.3248563473882496,False,0.40963257131673825,,,-0.24008012345976093
Log_SLTM,Lab_XRF_P,2,"['HRDH_1119', 'HRDH_697']","{'HRDH_1119': 0.21516169281782835, 'HRDH_697': -0.4334077023216014}",-0.10912300475188653,0.3242846975697149,0.3242846975697149,False,0.21516169281782835,,,-0.4334077023216014
Log_ZCOR,Lab_XRF_P,2,"['HRDH_1119', 'HRDH_697']","{'HRDH_1119': 0.2832825296214201, 'HRDH_697': -0.36320166671450993}",-0.03995956854654492,0.323242098167965,0.323242098167965,False,0.2832825296214201,,,-0.36320166671450993
Log_SLTM,Lab_XRD_Quartz,2,"['HRDH_1119', 'HRDH_697']","{'HRDH_1119': 0.19535993371731558, 'HRDH_697': -0.45024282004570315}",-0.12744144316419379,0.32280137688150934,0.32280137688150934,False,0.19535993371731558,,,-0.45024282004570315
Log_ZCOR,Lab_XRD_Anatase,2,"['HRDH_1804', 'HRDH_1867']","{'HRDH_1804': 0.28196408041143123, 'HRDH_1867': -0.35999291047930165}",-0.03901441503393521,0.32097849544536644,0.32097849544536644,False,,-0.35999291047930165,0.28196408041143123,
Log_HRD1,Lab_XRF_Cl,2,"['HRDH_1119', 'HRDH_697']","{'HRDH_1119': 0.46390411254735864, 'HRDH_697': 0.17412024283621844}",0.3190121776917885,0.3190121776917885,0.14489193485557011,True,0.46390411254735864,,,0.17412024283621844
Log_SSN,Lab_XRF_Mg,2,"['HRDH_1119', 'HRDH_697']","{'HRDH_1119': -0.43714288029781867, 'HRDH_697': -0.20030595291179815}",-0.31872441660480844,0.31872441660480844,0.11841846369301026,True,-0.43714288029781867,,,-0.20030595291179815
Log_SPD,Lab_XRD_Illite/Mica,2,"['HRDH_1804', 'HRDH_1867']","{'HRDH_1804': -0.18806097443918401, 'HRDH_1867': 0.44898961156415396}",0.13046431856248497,0.318525293001669,0.318525293001669,False,,0.44898961156415396,-0.18806097443918401,
Log_TH,Lab_XRF_P,2,"['HRDH_1119', 'HRDH_697']","{'HRDH_1119': 0.2837499855734478, 'HRDH_697': -0.35302994507440055}",-0.03463997975047636,0.31838996532392416,0.31838996532392416,False,0.2837499855734478,,,-0.35302994507440055
Log_SFT2,Lab_XRF_Cl,2,"['HRDH_1119', 'HRDH_697']","{'HRDH_1119': 0.42143880783447973, 'HRDH_697': 0.21250609633082218}",0.31697245208265096,0.31697245208265096,0.10446635575182878,True,0.42143880783447973,,,0.21250609633082218
Log_KTH,Lab_XRF_Al,2,"['HRDH_1119', 'HRDH_697']","{'HRDH_1119': 0.5198160253837325, 'HRDH_697': 0.10276358358874069}",0.3112898044862366,0.3112898044862366,0.2085262208974959,True,0.5198160253837325,,,0.10276358358874069
Log_ZCOR,Lab_XRF_Ca,2,"['HRDH_1119', 'HRDH_697']","{'HRDH_1119': 0.44682262642907555, 'HRDH_697': 0.16994270102562165}",0.30838266372734857,0.30838266372734857,0.13843996270172695,True,0.44682262642907555,,,0.16994270102562165
Log_TH,Lab_XRF_Al,2,"['HRDH_1119', 'HRDH_697']","{'HRDH_1119': 0.19565486987751943, 'HRDH_697': -0.41898659915925596}",-0.11166586464086826,0.3073207345183877,0.3073207345183877,False,0.19565486987751943,,,-0.41898659915925596
Log_CALX,Lab_XRD_Dickite,2,"['HRDH_1804', 'HRDH_1867']","{'HRDH_1804': 0.4126394977142128, 'HRDH_1867': 0.19878408991633523}",0.305711793815274,0.305711793815274,0.1069277038989388,True,,0.19878408991633523,0.4126394977142128,
Log_SFT2,Lab_XRF_P,2,"['HRDH_1119', 'HRDH_697']","{'HRDH_1119': 0.46109641794399314, 'HRDH_697': -0.14528853060239505}",0.15790394367079905,0.30319247427319407,0.30319247427319407,False,0.46109641794399314,,,-0.14528853060239505
Log_UC,Lab_XRD_Quartz,2,"['HRDH_1804', 'HRDH_1867']","{'HRDH_1804': 0.3853911088305163, 'HRDH_1867': -0.21777952696957012}",0.08380579093047309,0.3015853179000432,0.3015853179000432,False,,-0.21777952696957012,0.3853911088305163,
Log_HRD1,Lab_XRD_Plagioclase,2,"['HRDH_1119', 'HRDH_1867']","{'HRDH_1119': 0.3513466660963844, 'HRDH_1867': 0.2516144656936963}",0.30148056589504035,0.30148056589504035,0.04986610020134405,True,0.3513466660963844,0.2516144656936963,,
Log_ZCOR,Lab_XRD_Plagioclase,2,"['HRDH_1119', 'HRDH_1867']","{'HRDH_1119': 0.3873143327413279, 'HRDH_1867': 0.21452287168435694}",0.30091860221284245,0.30091860221284245,0.0863957305284855,True,0.3873143327413279,0.21452287168435694,,
Log_LSN,Lab_XRF_Ca,2,"['HRDH_1119', 'HRDH_697']","{'HRDH_1119': -0.45410922646060237, 'HRDH_697': -0.14767970240372358}",-0.30089446443216294,0.30089446443216294,0.1532147620284394,True,-0.45410922646060237,,,-0.14767970240372358
Log_SSD,Lab_XRD_K-Feldspar,2,"['HRDH_1867', 'HRDH_697']","{'HRDH_1867': -0.4797652885019167, 'HRDH_697': 0.11820331654898705}",-0.1807809859764648,0.2989843025254519,0.29898430252545183,False,,-0.4797652885019167,,0.11820331654898705
Log_SLTM,Lab_XRF_Al,2,"['HRDH_1119', 'HRDH_697']","{'HRDH_1119': 0.307811012215908, 'HRDH_697': 0.28843144803320275}",0.2981212301245554,0.2981212301245554,0.009689782091352628,True,0.307811012215908,,,0.28843144803320275
Log_SFT2,Lab_XRD_K-Feldspar,2,"['HRDH_1867', 'HRDH_697']","{'HRDH_1867': -0.38658994026048515, 'HRDH_697': 0.2070288711483781}",-0.08978053455605353,0.2968094057044316,0.2968094057044316,False,,-0.38658994026048515,,0.2070288711483781
Log_HRD2,Lab_XRD_K-Feldspar,2,"['HRDH_1867', 'HRDH_697']","{'HRDH_1867': -0.3522398687096703, 'HRDH_697': -0.23689159520404923}",-0.29456573195685976,0.29456573195685976,0.05767413675281052,True,,-0.3522398687096703,,-0.23689159520404923
Log_WTBH,Lab_XRD_Illite/Mica,2,"['HRDH_1804', 'HRDH_1867']","{'HRDH_1804': -0.19845302291026523, 'HRDH_1867': -0.3883171663072912}",-0.2933850946087782,0.2933850946087782,0.09493207169851298,True,,-0.3883171663072912,-0.19845302291026523,
Log_CAL,Lab_XRD_Dickite,2,"['HRDH_1804', 'HRDH_1867']","{'HRDH_1804': 0.38703825842221556, 'HRDH_1867': 0.19878408991633523}",0.29291117416927537,0.29291117416927537,0.09412708425294017,True,,0.19878408991633523,0.38703825842221556,
Log_KC,Lab_XRD_Illite/Mica,2,"['HRDH_1804', 'HRDH_1867']","{'HRDH_1804': 0.17831288062070896, 'HRDH_1867': 0.4063223895096268}",0.2923176350651679,0.2923176350651679,0.11400475444445891,True,,0.4063223895096268,0.17831288062070896,
Log_PE,Lab_XRD_Chlorite,2,"['HRDH_1867', 'HRDH_697']","{'HRDH_1867': 0.3488046301300514, 'HRDH_697': -0.23233496823313105}",0.05823483094846019,0.2905697991815912,0.2905697991815912,False,,0.3488046301300514,,-0.23233496823313105
Log_K,Lab_XRF_P,2,"['HRDH_1119', 'HRDH_697']","{'HRDH_1119': 0.39042362766776423, 'HRDH_697': -0.17837969426803787}",0.10602196669986318,0.28440166096790104,0.28440166096790104,False,0.39042362766776423,,,-0.17837969426803787
Log_TH,Lab_XRF_S,2,"['HRDH_1119', 'HRDH_697']","{'HRDH_1119': -0.2874756547072128, 'HRDH_697': -0.28113759107784425}",-0.2843066228925285,0.2843066228925285,0.003169031814684281,True,-0.2874756547072128,,,-0.28113759107784425
Log_K,Lab_XRF_Ca,2,"['HRDH_1119', 'HRDH_697']","{'HRDH_1119': 0.3683561597023999, 'HRDH_697': 0.18862530142979353}",0.2784907305660967,0.2784907305660967,0.08986542913630317,True,0.3683561597023999,,,0.18862530142979353
Log_K,Lab_XRF_Mg,2,"['HRDH_1119', 'HRDH_697']","{'HRDH_1119': 0.1876446683574151, 'HRDH_697': 0.3680187884985439}",0.27783172842797954,0.27783172842797954,0.0901870600705644,True,0.1876446683574151,,,0.3680187884985439
Log_SFT2,Lab_XRD_Plagioclase,2,"['HRDH_1119', 'HRDH_1867']","{'HRDH_1119': 0.2875824081285324, 'HRDH_1867': 0.2653289601229582}",0.2764556841257453,0.2764556841257453,0.011126724002787108,True,0.2875824081285324,0.2653289601229582,,
Log_RUK,Lab_XRF_Sr,2,"['HRDH_1119', 'HRDH_697']","{'HRDH_1119': -0.4132683376798885, 'HRDH_697': -0.13910978330871948}",-0.27618906049430403,0.27618906049430403,0.13707927718558452,True,-0.4132683376798885,,,-0.13910978330871948
Log_SPD,Lab_XRD_Dickite,2,"['HRDH_1804', 'HRDH_1867']","{'HRDH_1804': -0.24601923272107837, 'HRDH_1867': -0.30620473548443133}",-0.27611198410275484,0.27611198410275484,0.030092751381676483,True,,-0.30620473548443133,-0.24601923272107837,
Log_HRD2,Lab_XRD_Plagioclase,2,"['HRDH_1119', 'HRDH_1867']","{'HRDH_1119': 0.3588555625270564, 'HRDH_1867': 0.19328164971074074}",0.2760686061188986,0.2760686061188986,0.08278695640815784,True,0.3588555625270564,0.19328164971074074,,
Log_SLTM,Lab_XRF_Sr,2,"['HRDH_1119', 'HRDH_697']","{'HRDH_1119': -0.3411486825150241, 'HRDH_697': 0.204796561374134}",-0.06817606057044506,0.27297262194457905,0.27297262194457905,False,-0.3411486825150241,,,0.204796561374134
Log_WTBH,Lab_XRD_Anatase,2,"['HRDH_1804', 'HRDH_1867']","{'HRDH_1804': -0.3099917218824214, 'HRDH_1867': 0.23431554278099093}",-0.03783808955071524,0.2721536323317062,0.2721536323317062,False,,0.23431554278099093,-0.3099917218824214,
Log_HRD2,Lab_XRF_P,2,"['HRDH_1119', 'HRDH_697']","{'HRDH_1119': 0.4178751979577594, 'HRDH_697': 0.1225032756704298}",0.2701892368140946,0.2701892368140946,0.1476859611436648,True,0.4178751979577594,,,0.1225032756704298
Log_WTBH,Lab_XRD_Plagioclase,2,"['HRDH_1119', 'HRDH_1867']","{'HRDH_1119': 0.1398819908929222, 'HRDH_1867': -0.39743685250904376}",-0.12877743080806078,0.268659421700983,0.268659421700983,False,0.1398819908929222,-0.39743685250904376,,
Log_CN,Lab_XRF_Sr,2,"['HRDH_1119', 'HRDH_697']","{'HRDH_1119': -0.29056738249503655, 'HRDH_697': 0.24662681897270794}",-0.021970281761164306,0.2685971007338722,0.2685971007338722,False,-0.29056738249503655,,,0.24662681897270794
Log_RUK,Lab_XRF_S,2,"['HRDH_1119', 'HRDH_697']","{'HRDH_1119': -0.3695314569665643, 'HRDH_697': -0.1653047351254007}",-0.2674180960459825,0.2674180960459825,0.10211336092058182,True,-0.3695314569665643,,,-0.1653047351254007
Log_CNC,Lab_XRF_Sr,2,"['HRDH_1119', 'HRDH_697']","{'HRDH_1119': -0.28798049169030787, 'HRDH_697': 0.24662320891383077}",-0.02067864138823855,0.2673018503020693,0.2673018503020693,False,-0.28798049169030787,,,0.24662320891383077
Log_SFT2,Lab_XRF_Mg,2,"['HRDH_1119', 'HRDH_697']","{'HRDH_1119': 0.1677309699566934, 'HRDH_697': 0.364490407909614}",0.2661106889331537,0.2661106889331537,0.0983797189764603,True,0.1677309699566934,,,0.364490407909614
Log_TTEN,Lab_XRD_Illite/Mica,2,"['HRDH_1804', 'HRDH_1867']","{'HRDH_1804': -0.137107297565536, 'HRDH_1867': -0.3905798091700547}",-0.26384355336779536,0.26384355336779536,0.12673625580225936,True,,-0.3905798091700547,-0.137107297565536,
Log_SLTM,Lab_XRF_S,2,"['HRDH_1119', 'HRDH_697']","{'HRDH_1119': -0.34047821580147153, 'HRDH_697': -0.18718395047012468}",-0.2638310831357981,0.2638310831357981,0.07664713266567343,True,-0.34047821580147153,,,-0.18718395047012468
Log_RUKC,Lab_XRD_Dickite,2,"['HRDH_1804', 'HRDH_1867']","{'HRDH_1804': -0.1533705009814807, 'HRDH_1867': -0.3598856568933287}",-0.2566280789374047,0.2566280789374047,0.103257577955924,True,,-0.3598856568933287,-0.1533705009814807,
Log_SLTM,Lab_XRF_Si,2,"['HRDH_1119', 'HRDH_697']","{'HRDH_1119': 0.2455070243118041, 'HRDH_697': -0.26718082682423083}",-0.010836901256213366,0.25634392556801744,0.25634392556801744,False,0.2455070243118041,,,-0.26718082682423083
Log_HRD1,Lab_XRF_Mg,2,"['HRDH_1119', 'HRDH_697']","{'HRDH_1119': 0.28693001423549774, 'HRDH_697': 0.2252062858772752}",0.2560681500563865,0.2560681500563865,0.03086186417911127,True,0.28693001423549774,,,0.2252062858772752
Log_RTHKC,Lab_XRD_Anatase,2,"['HRDH_1804', 'HRDH_1867']","{'HRDH_1804': -0.1993359946838161, 'HRDH_1867': -0.312233306651784}",-0.25578465066780004,0.25578465066780004,0.05644865598398395,True,,-0.312233306651784,-0.1993359946838161,
Log_SHR,Lab_XRD_Anatase,2,"['HRDH_1804', 'HRDH_1867']","{'HRDH_1804': -0.26434765740414046, 'HRDH_1867': -0.2385179258585074}",-0.2514327916313239,0.2514327916313239,0.01291486577281653,True,,-0.2385179258585074,-0.26434765740414046,
Log_ZDEN,Lab_XRD_Plagioclase,2,"['HRDH_1119', 'HRDH_1867']","{'HRDH_1119': -0.3636034321512523, 'HRDH_1867': -0.12310879174402833}",-0.2433561119476403,0.2433561119476403,0.12024732020361198,True,-0.3636034321512523,-0.12310879174402833,,
Log_ZDNC,Lab_XRD_Plagioclase,2,"['HRDH_1119', 'HRDH_1867']","{'HRDH_1119': -0.36356276436545404, 'HRDH_1867': -0.12313502237545453}",-0.2433488933704543,0.2433488933704543,0.12021387099499976,True,-0.36356276436545404,-0.12313502237545453,,
Log_U,Lab_XRD_Quartz,2,"['HRDH_1119', 'HRDH_697']","{'HRDH_1119': -0.2081860051589564, 'HRDH_697': -0.27555022371052734}",-0.24186811443474188,0.24186811443474188,0.033682109275785466,True,-0.2081860051589564,,,-0.27555022371052734
Log_ZCOR,Lab_XRD_K-Feldspar,2,"['HRDH_1867', 'HRDH_697']","{'HRDH_1867': -0.3016101447504952, 'HRDH_697': 0.1744295537416231}",-0.06359029550443604,0.23801984924605915,0.23801984924605915,False,,-0.3016101447504952,,0.1744295537416231
Log_U,Lab_XRF_Si,2,"['HRDH_1119', 'HRDH_697']","{'HRDH_1119': -0.13810345043040956, 'HRDH_697': -0.33780273883803486}",-0.2379530946342222,0.2379530946342222,0.09984964420381265,True,-0.13810345043040956,,,-0.33780273883803486
Log_HRD2,Lab_XRF_Mg,2,"['HRDH_1119', 'HRDH_697']","{'HRDH_1119': 0.2825865422417781, 'HRDH_697': -0.18305251510340964}",0.049767013569184226,0.23281952867259387,0.23281952867259387,False,0.2825865422417781,,,-0.18305251510340964
Log_CN,Lab_XRF_Ca,2,"['HRDH_1119', 'HRDH_697']","{'HRDH_1119': 0.28387418438783857, 'HRDH_697': 0.17620114341316187}",0.23003766390050023,0.23003766390050023,0.05383652048733835,True,0.28387418438783857,,,0.17620114341316187
Log_ZDNC,Lab_XRF_Mg,2,"['HRDH_1119', 'HRDH_697']","{'HRDH_1119': -0.2921312766470322, 'HRDH_697': 0.1677608851434371}",-0.06218519575179755,0.22994608089523466,0.22994608089523466,False,-0.2921312766470322,,,0.1677608851434371
Log_ZDEN,Lab_XRF_Mg,2,"['HRDH_1119', 'HRDH_697']","{'HRDH_1119': -0.2919897969068215, 'HRDH_697': 0.16775665119426436}",-0.06211657285627856,0.22987322405054292,0.22987322405054292,False,-0.2919897969068215,,,0.16775665119426436
Log_RTHU,Lab_XRF_Mg,2,"['HRDH_1119', 'HRDH_697']","{'HRDH_1119': 0.17531206218686496, 'HRDH_697': -0.2792852108854886}",-0.05198657434931181,0.22729863653617677,0.22729863653617677,False,0.17531206218686496,,,-0.2792852108854886
Log_CNC,Lab_XRF_Ca,2,"['HRDH_1119', 'HRDH_697']","{'HRDH_1119': 0.276642903818201, 'HRDH_697': 0.17619855504169768}",0.22642072942994934,0.22642072942994934,0.05022217438825166,True,0.276642903818201,,,0.17619855504169768
Log_SHR,Lab_XRF_P,2,"['HRDH_1119', 'HRDH_697']","{'HRDH_1119': -0.3083683885950595, 'HRDH_697': -0.12283058950594655}",-0.21559948905050302,0.21559948905050302,0.09276889954455647,True,-0.3083683885950595,,,-0.12283058950594655
Log_ZCOR,Lab_XRD_Chlorite,2,"['HRDH_1867', 'HRDH_697']","{'HRDH_1867': 0.24756489687820837, 'HRDH_697': 0.17442955374162314}",0.21099722530991577,0.21099722530991577,0.03656767156829262,True,,0.24756489687820837,,0.17442955374162314
Log_UC,Lab_XRD_Anatase,2,"['HRDH_1804', 'HRDH_1867']","{'HRDH_1804': -0.19943544457408566, 'HRDH_1867': 0.22116453320545135}",0.010864544315682845,0.2102999888897685,0.2102999888897685,False,,0.22116453320545135,-0.19943544457408566,
Log_SPD,Lab_XRD_Anatase,2,"['HRDH_1804', 'HRDH_1867']","{'HRDH_1804': -0.1902558835185475, 'HRDH_1867': -0.217016931501703}",-0.20363640751012524,0.20363640751012524,0.013380523991577756,True,,-0.217016931501703,-0.1902558835185475,
Log_CHT,Lab_XRD_Quartz,2,"['HRDH_1119', 'HRDH_1867']","{'HRDH_1119': 0.2958469977381924, 'HRDH_1867': -0.10750914776928255}",0.09416892498445492,0.20167807275373748,0.20167807275373748,False,0.2958469977381924,-0.10750914776928255,,
Log_UC,Lab_XRD_Illite/Mica,2,"['HRDH_1804', 'HRDH_1867']","{'HRDH_1804': -0.30026600369179196, 'HRDH_1867': -0.10017499166171313}",-0.20022049767675254,0.20022049767675254,0.10004550601503942,True,,-0.10017499166171313,-0.30026600369179196,
Log_SLTM,Lab_XRF_K,2,"['HRDH_1119', 'HRDH_697']","{'HRDH_1119': 0.25420602191086533, 'HRDH_697': 0.1321893815264561}",0.1931977017186607,0.1931977017186607,0.06100832019220462,True,0.25420602191086533,,,0.1321893815264561
Log_RTHU,Lab_XRD_Quartz,2,"['HRDH_1119', 'HRDH_697']","{'HRDH_1119': 0.14405202498859504, 'HRDH_697': 0.2260003543931973}",0.18502618969089618,0.18502618969089618,0.04097416470230113,True,0.14405202498859504,,,0.2260003543931973
Log_RTHK,Lab_XRF_Sr,2,"['HRDH_1119', 'HRDH_697']","{'HRDH_1119': 0.22609310086446321, 'HRDH_697': -0.14267596612547592}",0.041708567369493646,0.18438453349496958,0.18438453349496958,False,0.22609310086446321,,,-0.14267596612547592
Log_RTHK,Lab_XRF_S,2,"['HRDH_1119', 'HRDH_697']","{'HRDH_1119': -0.22076698945945664, 'HRDH_697': -0.14756003310155963}",-0.18416351128050812,0.18416351128050812,0.036603478178948504,True,-0.22076698945945664,,,-0.14756003310155963
Log_RTHU,Lab_XRF_Cl,2,"['HRDH_1119', 'HRDH_697']","{'HRDH_1119': 0.19050878346476977, 'HRDH_697': -0.17168598723872705}",0.009411398113021358,0.1810973853517484,0.1810973853517484,False,0.19050878346476977,,,-0.17168598723872705
Log_CALX,Lab_XRD_Anatase,2,"['HRDH_1804', 'HRDH_1867']","{'HRDH_1804': 0.20873332141250925, 'HRDH_1867': 0.15164670608182684}",0.18019001374716803,0.18019001374716803,0.028543307665341203,True,,0.15164670608182684,0.20873332141250925,
Log_SHR,Lab_XRD_Chlorite,2,"['HRDH_1867', 'HRDH_697']","{'HRDH_1867': -0.13208514223809786, 'HRDH_697': 0.22821856133449742}",0.048066709548199776,0.18015185178629764,0.18015185178629764,False,,-0.13208514223809786,,0.22821856133449742
Log_CAL,Lab_XRD_Anatase,2,"['HRDH_1804', 'HRDH_1867']","{'HRDH_1804': 0.20658028860450833, 'HRDH_1867': 0.15164670608182684}",0.1791134973431676,0.1791134973431676,0.027466791261340745,True,,0.15164670608182684,0.20658028860450833,
Log_RTHK,Lab_XRF_P,2,"['HRDH_1119', 'HRDH_697']","{'HRDH_1119': 0.21855273550323798, 'HRDH_697': -0.13813966170176406}",0.04020653690073696,0.178346198602501,0.178346198602501,False,0.21855273550323798,,,-0.13813966170176406
Log_TTEN,Lab_XRD_Anatase,2,"['HRDH_1804', 'HRDH_1867']","{'HRDH_1804': 0.16990913227571205, 'HRDH_1867': 0.18387144368079889}",0.17689028797825546,0.17689028797825546,0.006981155702543415,True,,0.18387144368079889,0.16990913227571205,
Log_SHR,Lab_XRD_K-Feldspar,2,"['HRDH_1867', 'HRDH_697']","{'HRDH_1867': -0.11897720221526348, 'HRDH_697': 0.22821856133449744}",0.05462067955961698,0.17359788177488045,0.17359788177488045,False,,-0.11897720221526348,,0.22821856133449744
Log_UC,Lab_XRD_Dickite,2,"['HRDH_1804', 'HRDH_1867']","{'HRDH_1804': -0.10521464356398291, 'HRDH_1867': 0.22699462446121532}",0.060889990448616205,0.16610463401259912,0.16610463401259912,False,,0.22699462446121532,-0.10521464356398291,
Log_CVOL,Lab_XRD_Quartz,2,"['HRDH_1119', 'HRDH_1867']","{'HRDH_1119': -0.17776862768775756, 'HRDH_1867': 0.11196239591766013}",-0.03290311588504871,0.14486551180270885,0.14486551180270885,False,-0.17776862768775756,0.11196239591766013,,
Log_BVOL,Lab_XRD_Quartz,2,"['HRDH_1119', 'HRDH_1867']","{'HRDH_1119': -0.16633854180595675, 'HRDH_1867': 0.10698441646834811}",-0.02967706266880432,0.13666147913715243,0.13666147913715243,False,-0.16633854180595675,0.10698441646834811,,
Log_RUK,Lab_XRF_P,2,"['HRDH_1119', 'HRDH_697']","{'HRDH_1119': -0.11475078497171434, 'HRDH_697': -0.12448986640748115}",-0.11962032568959774,0.11962032568959774,0.004869540717883404,True,-0.11475078497171434,,,-0.12448986640748115
